sku,name,description,category,subcategory,gender,gender_category,age_group,color,pattern,style,product_image,model_image_1,model_image_2,model_image_3,status,featured,created_at
ZC-F0001,Beige Apparel,Female's beige apparel. Casual style.,Apparel,Apparel,Female,Women,Adults,Beige,,casual,extracted-products/female_beige_heels__DSC6503_2.png,model-poses/female_casual_chic_front_standing__DSC6503.png,model-poses/female_casual_chic_three_quarter__DSC6503.png,model-poses/female_casual_chic_casual_lifestyle__DSC6503.png,published,false,2025-11-28T15:56:27.939852
ZC-F0002,Beige Hoodie - Graphic,Female's beige hoodie with graphic design. Casual style.,Tops,Hoodie,Female,Women,Adults,Beige,graphic,casual,extracted-products/female_beige_hoodie_graphic_SONY_ILCE-7RM5_9600x6376_000237_1.png,,,,published,false,2025-11-28T15:56:27.941025
ZC-F0003,Beige Pants,Female's beige pants. Casual style.,Bottoms,Pants,Female,Women,Adults,Beige,,casual,extracted-products/female_beige_pants__DSC3952_Large_2.png,model-poses/female_smart_casual_front_standing__DSC3952_Large.png,model-poses/female_smart_casual_three_quarter__DSC3952_Large.png,model-poses/female_smart_casual_casual_lifestyle__DSC3952_Large.png,published,false,2025-11-28T15:56:27.941486
ZC-F0004,Beige Sweatpants - Graphic,Female's beige sweatpants with graphic design. Casual style.,Bottoms,Sweatpants,Female,Women,Adults,Beige,graphic,casual,extracted-products/female_beige_sweatpants_graphic_SONY_ILCE-7RM5_9600x6376_000237_2.png,,,,published,false,2025-11-28T15:56:27.941592
ZC-F0005,Beige Tunic - Graphic,Female's beige tunic with graphic design. Casual style.,Tops,Tunic,Female,Women,Adults,Beige,graphic,casual,extracted-products/female_beige_tunic_graphic_file_1616x1080_001321_Large_1.png,,,,published,false,2025-11-28T15:56:27.941656
ZC-F0006,Beige T - Graphic,Female's beige t with graphic design. Casual style.,Apparel,T,Female,Women,Adults,Beige,graphic,casual,extracted-products/female_beige_t_shirt_graphic__DSC6666_1.png,model-poses/female_streetwear_front_standing__DSC6666.png,model-poses/female_streetwear_three_quarter__DSC6666.png,model-poses/female_streetwear_casual_lifestyle__DSC6666.png,published,false,2025-11-28T15:56:27.941718
ZC-F0007,Black Blouse - Graphic,Female's black blouse with graphic design. Casual style.,Tops,Blouse,Female,Women,Adults,Black,graphic,casual,extracted-products/female_black_blouse_graphic__DSC3952_Large_1.png,model-poses/female_smart_casual_front_standing__DSC3952_Large.png,model-poses/female_smart_casual_three_quarter__DSC3952_Large.png,model-poses/female_smart_casual_casual_lifestyle__DSC3952_Large.png,published,false,2025-11-28T15:56:27.941784
ZC-KG0008,Girl's Black Dress - Graphic,Adorable girl's black dress with graphic design. Casual style.,Kids,Dresses,Girl,Kids,Kids,Black,graphic,casual,extracted-products/female_black_dress_graphic__DSC5389_1.png,,,,published,false,2025-11-28T15:56:27.941882
ZC-F0009,Black Dress - Graphic,Female's black dress with graphic design. Casual style.,Dresses,Dress,Female,Women,Adults,Black,graphic,casual,extracted-products/female_black_dress_graphic__DSC6503_1.png,model-poses/female_casual_chic_front_standing__DSC6503.png,model-poses/female_casual_chic_three_quarter__DSC6503.png,model-poses/female_casual_chic_casual_lifestyle__DSC6503.png,published,false,2025-11-28T15:56:27.941943
ZC-F0010,Black Dress,Female's black dress. Casual style.,Dresses,Dress,Female,Women,Adults,Black,,casual,extracted-products/female_black_dress_SONY_ILCE-7RM5_9600x6376_000156_1.png,,,,published,false,2025-11-28T15:56:27.942004
ZC-F0011,Black Dress - Speckled,Female's black dress with speckled design. Casual style.,Dresses,Dress,Female,Women,Adults,Black,speckled,casual,extracted-products/female_black_dress_speckled__DSC4127_Large_1.png,model-poses/female_casual_chic_front_standing__DSC4127_Large.png,model-poses/female_casual_chic_three_quarter__DSC4127_Large.png,model-poses/female_casual_chic_casual_lifestyle__DSC4127_Large.png,published,false,2025-11-28T15:56:27.942742
ZC-F0012,Black Dress,Female's black dress. Casual style.,Dresses,Dress,Female,Women,Adults,Black,,casual,extracted-products/female_black_dress__DSC4537_Large_1.png,model-poses/female_cocktail_front_standing__DSC4537_Large.png,model-poses/female_cocktail_three_quarter__DSC4537_Large.png,model-poses/female_cocktail_casual_lifestyle__DSC4537_Large.png,published,false,2025-11-28T15:56:27.942866
ZC-F0013,Black Hoodie - Graphic,Female's black hoodie with graphic design. Streetwear style.,Tops,Hoodie,Female,Women,Adults,Black,graphic,streetwear,extracted-products/female_black_hoodie_graphic_print_streetwear__DSC6406.png,model-poses/female_casual_front_standing__DSC6406.png,model-poses/female_casual_three_quarter__DSC6406.png,model-poses/female_casual_casual_lifestyle__DSC6406.png,published,false,2025-11-28T15:56:27.942961
ZC-F0014,Black Hoodie - Graphic,Female's black hoodie with graphic design. Casual style.,Tops,Hoodie,Female,Women,Adults,Black,graphic,casual,extracted-products/female_black_hoodie_graphic__DSC3510_Large_1.png,model-poses/female_streetwear_front_standing__DSC3510_Large.png,model-poses/female_streetwear_three_quarter__DSC3510_Large.png,model-poses/female_streetwear_casual_lifestyle__DSC3510_Large.png,published,false,2025-11-28T15:56:27.943029
ZC-F0015,Black Hoodie - Graphic,Female's black hoodie with graphic design. Casual style.,Tops,Hoodie,Female,Women,Adults,Black,graphic,casual,extracted-products/female_black_hoodie_graphic__DSC6406_1.png,model-poses/female_casual_front_standing__DSC6406.png,model-poses/female_casual_three_quarter__DSC6406.png,model-poses/female_casual_casual_lifestyle__DSC6406.png,published,false,2025-11-28T15:56:27.943141
ZC-F0016,Black Dress - Minimalist,Female's black dress with minimalist design. Minimalist style.,Dresses,Dress,Female,Women,Adults,Black,minimalist,minimalist,extracted-products/female_black_midi_slip_dress_minimalist_SONY_ILCE_7RM5_9600x.png,,,,published,false,2025-11-28T15:56:27.943207
ZC-F0017,Black Dress - Graphic,Female's black dress with graphic design. Casual style.,Dresses,Dress,Female,Women,Adults,Black,graphic,casual,extracted-products/female_black_mini_dress_graphic_print_casual__DSC6503.png,model-poses/female_casual_chic_front_standing__DSC6503.png,model-poses/female_casual_chic_three_quarter__DSC6503.png,model-poses/female_casual_chic_casual_lifestyle__DSC6503.png,published,false,2025-11-28T15:56:27.943265
ZC-F0018,Black Mules,Female's black mules. Casual style.,Footwear,Mules,Female,Women,Adults,Black,,casual,extracted-products/female_black_mules_SONY_ILCE-7RM5_9600x6376_000156_2.png,,,,published,false,2025-11-28T15:56:27.943329
ZC-F0019,Black Mules,Female's black mules. Casual style.,Footwear,Mules,Female,Women,Adults,Black,,casual,extracted-products/female_black_mules__DSC4039_Large_3.png,model-poses/female_casual_front_standing__DSC4039_Large.png,model-poses/female_casual_three_quarter__DSC4039_Large.png,model-poses/female_casual_casual_lifestyle__DSC4039_Large.png,published,false,2025-11-28T15:56:27.943383
ZC-F0020,Black Pants,Female's black pants. Casual style.,Bottoms,Pants,Female,Women,Adults,Black,,casual,extracted-products/female_black_pants_file_1616x1080_001321_Large_2.png,,,,published,false,2025-11-28T15:56:27.943443
ZC-F0021,Black Pants,Female's black pants. Casual style.,Bottoms,Pants,Female,Women,Adults,Black,,casual,extracted-products/female_black_pants__DSC3713_Large_3.png,model-poses/model2_female_casual_front_standing__DSC3713_Large.png,model-poses/model2_female_casual_three_quarter__DSC3713_Large.png,model-poses/model2_female_casual_casual_lifestyle__DSC3713_Large.png,published,false,2025-11-28T15:56:27.943494
ZC-F0022,Black Pants,Female's black pants. Casual style.,Bottoms,Pants,Female,Women,Adults,Black,,casual,extracted-products/female_black_pants__DSC4447_Large_2.png,model-poses/model2_female_streetwear_front_standing__DSC4447_Large.png,model-poses/model2_female_streetwear_three_quarter__DSC4447_Large.png,model-poses/model2_female_streetwear_casual_lifestyle__DSC4447_Large.png,published,false,2025-11-28T15:56:27.943559
ZC-F0023,Black Pants,Female's black pants. Casual style.,Bottoms,Pants,Female,Women,Adults,Black,,casual,extracted-products/female_black_pants__DSC5314_2.png,model-poses/female_casual_front_standing__DSC5314.png,model-poses/female_casual_three_quarter__DSC5314.png,model-poses/female_casual_casual_lifestyle__DSC5314.png,published,false,2025-11-28T15:56:27.943619
ZC-F0024,Black Shirt,Female's black shirt. Casual style.,Tops,Shirt,Female,Women,Adults,Black,,casual,extracted-products/female_black_polo_shirt__DSC6224_1.png,model-poses/female_casual_front_standing__DSC6224.png,model-poses/female_casual_three_quarter__DSC6224.png,model-poses/female_casual_casual_lifestyle__DSC6224.png,published,false,2025-11-28T15:56:27.943742
ZC-F0025,Black Sweater - Striped,Female's black sweater with striped design. Casual style.,Tops,Sweater,Female,Women,Adults,Black,striped,casual,extracted-products/female_black_sweater_striped__DSC4039_Large_1.png,model-poses/female_casual_front_standing__DSC4039_Large.png,model-poses/female_casual_three_quarter__DSC4039_Large.png,model-poses/female_casual_casual_lifestyle__DSC4039_Large.png,published,false,2025-11-28T15:56:27.943815
ZC-F0026,Black Top,Female's black top. Casual style.,Tops,Top,Female,Women,Adults,Black,,casual,extracted-products/female_black_top_under__DSC4648_Large_2.png,model-poses/model2_female_casual_front_standing__DSC4648_Large.png,model-poses/model2_female_casual_three_quarter__DSC4648_Large.png,model-poses/model2_female_casual_casual_lifestyle__DSC4648_Large.png,published,false,2025-11-28T15:56:27.943875
ZC-F0027,Black T - Graphic,Female's black t with graphic design. Casual style.,Apparel,T,Female,Women,Adults,Black,graphic,casual,extracted-products/female_black_t_shirt_graphic__DSC4447_Large_1.png,model-poses/model2_female_streetwear_front_standing__DSC4447_Large.png,model-poses/model2_female_streetwear_three_quarter__DSC4447_Large.png,model-poses/model2_female_streetwear_casual_lifestyle__DSC4447_Large.png,published,false,2025-11-28T15:56:27.943941
ZC-F0028,Blue Jacket,Female's blue jacket. Casual style.,Outerwear,Jacket,Female,Women,Adults,Blue,,casual,extracted-products/female_blue_jacket_outer__DSC3713_Large_1.png,model-poses/model2_female_casual_front_standing__DSC3713_Large.png,model-poses/model2_female_casual_three_quarter__DSC3713_Large.png,model-poses/model2_female_casual_casual_lifestyle__DSC3713_Large.png,published,false,2025-11-28T15:56:27.944006
ZC-F0029,Blue Jeans - Graphic,Female's blue jeans with graphic design. Casual style.,Bottoms,Jeans,Female,Women,Adults,Blue,graphic,casual,extracted-products/female_blue_jeans_graphic__DSC6271_2.png,model-poses/female_casual_front_standing__DSC6271.png,model-poses/female_casual_three_quarter__DSC6271.png,model-poses/female_casual_casual_lifestyle__DSC6271.png,published,false,2025-11-28T15:56:27.944064
ZC-F0030,Blue Jeans,Female's blue jeans. Casual style.,Bottoms,Jeans,Female,Women,Adults,Blue,,casual,extracted-products/female_blue_jeans__DSC3510_Large_2.png,model-poses/female_streetwear_front_standing__DSC3510_Large.png,model-poses/female_streetwear_three_quarter__DSC3510_Large.png,model-poses/female_streetwear_casual_lifestyle__DSC3510_Large.png,published,false,2025-11-28T15:56:27.944147
ZC-F0031,Blue Jeans,Female's blue jeans. Casual style.,Bottoms,Jeans,Female,Women,Adults,Blue,,casual,extracted-products/female_blue_jeans__DSC6406_2.png,model-poses/female_casual_front_standing__DSC6406.png,model-poses/female_casual_three_quarter__DSC6406.png,model-poses/female_casual_casual_lifestyle__DSC6406.png,published,false,2025-11-28T15:56:27.944202
ZC-F0032,Blue Jeans,Female's blue jeans. Casual style.,Bottoms,Jeans,Female,Women,Adults,Blue,,casual,extracted-products/female_blue_jeans__DSC6666_2.png,model-poses/female_streetwear_front_standing__DSC6666.png,model-poses/female_streetwear_three_quarter__DSC6666.png,model-poses/female_streetwear_casual_lifestyle__DSC6666.png,published,false,2025-11-28T15:56:27.944255
ZC-F0033,Blue Skirt,Female's blue skirt. Casual style.,Bottoms,Skirt,Female,Women,Adults,Blue,,casual,extracted-products/female_blue_skirt__DSC4039_Large_2.png,model-poses/female_casual_front_standing__DSC4039_Large.png,model-poses/female_casual_three_quarter__DSC4039_Large.png,model-poses/female_casual_casual_lifestyle__DSC4039_Large.png,published,false,2025-11-28T15:56:27.944310
ZC-F0034,Bright Top - Graphic,Female's bright top with graphic design. Casual style.,Tops,Top,Female,Women,Adults,Bright,graphic,casual,extracted-products/female_bright_red_sleeveless_ribbed_knit_top_graphic_print_casual__DSC6271.png,model-poses/female_casual_front_standing__DSC6271.png,model-poses/female_casual_three_quarter__DSC6271.png,model-poses/female_casual_casual_lifestyle__DSC6271.png,published,false,2025-11-28T15:56:27.944369
ZC-F0035,Caramel Blouse - Graphic,Female's caramel blouse with graphic design. Vintage style.,Tops,Blouse,Female,Women,Adults,Caramel,graphic,vintage,extracted-products/female_caramel_brown_cropped_blouse_graphic_print_vintage_SONY_ILCE_7RM5_6304x.png,,,,published,false,2025-11-28T15:56:27.944429
ZC-F0036,Cream Hoodie - Graphic,Female's cream hoodie with graphic design. Athleisure style.,Tops,Hoodie,Female,Women,Adults,Cream,graphic,athleisure,extracted-products/female_cream_beige_cropped_hoodie_and_wide-leg_sw_graphic_print_athleisure_SONY_ILCE_7RM5_9600x.png,,,,published,false,2025-11-28T15:56:27.944482
ZC-KG0037,Girl's Cream Dress - Graphic,Adorable girl's cream dress with graphic design. Casual style.,Kids,Dresses,Girl,Kids,Kids,Cream,graphic,casual,extracted-products/female_cream_dress_graphic_print_casual__DSC5663.png,,,,published,false,2025-11-28T15:56:27.944541
ZC-F0038,Cream Tunic - Embroidered,Female's cream tunic with embroidered design. Bohemian style.,Tops,Tunic,Female,Women,Adults,Cream,embroidered,bohemian,extracted-products/female_cream_embroidered_tunic_blouse_graphic_print_bohemian_file_1616x1080_00132.png,,,,published,false,2025-11-28T15:56:27.944593
ZC-F0039,Cream T Shirt - Graphic,Female's cream t shirt with graphic design. Streetwear style.,Tops,T-Shirt,Female,Women,Adults,Cream,graphic,streetwear,extracted-products/female_cream_graphic_t-shirt_graphic_print_streetwear__DSC6666.png,model-poses/female_streetwear_front_standing__DSC6666.png,model-poses/female_streetwear_three_quarter__DSC6666.png,model-poses/female_streetwear_casual_lifestyle__DSC6666.png,published,false,2025-11-28T15:56:27.944648
ZC-F0040,Dark Pants,Female's dark pants. Casual style.,Bottoms,Pants,Female,Women,Adults,Dark,,casual,extracted-products/female_dark_blue_cargo_pants__DSC4744_Large_2.png,model-poses/model2_female_casual_chic_front_standing__DSC4744_Large.png,model-poses/model2_female_casual_chic_three_quarter__DSC4744_Large.png,model-poses/model2_female_casual_chic_casual_lifestyle__DSC4744_Large.png,published,false,2025-11-28T15:56:27.944710
ZC-KG0041,Girl's Dark Jacket,Adorable girl's dark jacket. Casual style.,Kids,Outerwear,Girl,Kids,Kids,Dark,,casual,extracted-products/female_dark_blue_jacket_outer__DSC6428_2.png,,,,published,false,2025-11-28T15:56:27.944768
ZC-F0042,Dark Dress - Graphic,Female's dark dress with graphic design. Bohemian style.,Dresses,Dress,Female,Women,Adults,Dark,graphic,bohemian,extracted-products/female_dark_teal_green_tiered_midi_dress_graphic_print_bohemian_SONY_ILCE_7RM5_9600x.png,,,,published,false,2025-11-28T15:56:27.944820
ZC-KG0043,Girl's Dusty Tracksuit,Adorable girl's dusty tracksuit. Athleisure style.,Kids,Tracksuit,Girl,Kids,Kids,Dusty,,athleisure,extracted-products/female_dusty_rose_pink_tracksuit_athleisure__DSC6165.png,,,,published,false,2025-11-28T15:56:27.944875
ZC-KG0044,Girl's Green Dress - Graphic,Adorable girl's green dress with graphic design. Casual style.,Kids,Dresses,Girl,Kids,Kids,Green,graphic,casual,extracted-products/female_green_dress_graphic_file_1616x1080_001003_Large_1.png,,,,published,false,2025-11-28T15:56:27.944923
ZC-KG0045,Girl's Green Dress - Graphic,Adorable girl's green dress with graphic design. Casual style.,Kids,Dresses,Girl,Kids,Kids,Green,graphic,casual,extracted-products/female_green_dress_graphic_SONY_ILCE-7RM5_9600x6376_000295_1.png,,,,published,false,2025-11-28T15:56:27.944971
ZC-F0046,Hot Tunic - Floral,Female's hot tunic with floral design. Casual style.,Tops,Tunic,Female,Women,Adults,Hot,floral,casual,extracted-products/female_hot_pink_floral_print_tunic_and_trouser_graphic_print_casual_SONY_ILCE_7RM5_9600x.png,,,,published,false,2025-11-28T15:56:27.945021
ZC-KG0047,Girl's Light Flats,Adorable girl's light flats. Casual style.,Kids,Flats,Girl,Kids,Kids,Light,,casual,extracted-products/female_light_beige_ballet_flats__DSC5817_2.png,,,,published,false,2025-11-28T15:56:27.945133
ZC-F0048,Light Shirt - Graphic,Female's light shirt with graphic design. Casual style.,Tops,Shirt,Female,Women,Adults,Light,graphic,casual,extracted-products/female_light_beige_button_up_shirt_graphic__DSC6321_1.png,model-poses/female_casual_front_standing__DSC6321.png,model-poses/female_casual_three_quarter__DSC6321.png,model-poses/female_casual_casual_lifestyle__DSC6321.png,published,false,2025-11-28T15:56:27.945229
ZC-F0049,Light Pants - Graphic,Female's light pants with graphic design. Casual style.,Bottoms,Pants,Female,Women,Adults,Light,graphic,casual,extracted-products/female_light_beige_pants_graphic__DSC6321_2.png,model-poses/female_casual_front_standing__DSC6321.png,model-poses/female_casual_three_quarter__DSC6321.png,model-poses/female_casual_casual_lifestyle__DSC6321.png,published,false,2025-11-28T15:56:27.945290
ZC-KG0050,Girl's Light Hoodie - Graphic,Adorable girl's light hoodie with graphic design. Casual style.,Kids,Tops,Girl,Kids,Kids,Light,graphic,casual,extracted-products/female_light_blue_hoodie_graphic__DSC5314_1.png,,,,published,false,2025-11-28T15:56:27.945347
ZC-F0051,Light Jacket,Female's light jacket. Casual style.,Outerwear,Jacket,Female,Women,Adults,Light,,casual,extracted-products/female_light_blue_jacket_outer__DSC4404_Large_1.png,model-poses/model2_female_casual_front_standing__DSC4404_Large.png,model-poses/model2_female_casual_three_quarter__DSC4404_Large.png,model-poses/model2_female_casual_casual_lifestyle__DSC4404_Large.png,published,false,2025-11-28T15:56:27.945399
ZC-F0052,Light Jacket,Female's light jacket. Casual style.,Outerwear,Jacket,Female,Women,Adults,Light,,casual,extracted-products/female_light_blue_jacket_outer__DSC5713_2.png,model-poses/female_casual_front_standing__DSC5713.png,model-poses/female_casual_three_quarter__DSC5713.png,model-poses/female_casual_casual_lifestyle__DSC5713.png,published,false,2025-11-28T15:56:27.945682
ZC-F0053,Light Jeans,Female's light jeans. Casual style.,Bottoms,Jeans,Female,Women,Adults,Light,,casual,extracted-products/female_light_blue_jeans__DSC4404_Large_3.png,model-poses/model2_female_casual_front_standing__DSC4404_Large.png,model-poses/model2_female_casual_three_quarter__DSC4404_Large.png,model-poses/model2_female_casual_casual_lifestyle__DSC4404_Large.png,published,false,2025-11-28T15:56:27.946000
ZC-KG0054,Girl's Light Jeans,Adorable girl's light jeans. Casual style.,Kids,Bottoms,Girl,Kids,Kids,Light,,casual,extracted-products/female_light_blue_jeans__DSC5713_3.png,,,,published,false,2025-11-28T15:56:27.946092
ZC-F0055,Light Jeans,Female's light jeans. Casual style.,Bottoms,Jeans,Female,Women,Adults,Light,,casual,extracted-products/female_light_blue_jeans__DSC6224_2.png,model-poses/female_casual_front_standing__DSC6224.png,model-poses/female_casual_three_quarter__DSC6224.png,model-poses/female_casual_casual_lifestyle__DSC6224.png,published,false,2025-11-28T15:56:27.946153
ZC-F0056,Light Dress,Female's light dress. Casual style.,Dresses,Dress,Female,Women,Adults,Light,,casual,extracted-products/female_light_green_dress_ribbed__DSC6428_1.png,model-poses/female_casual_chic_front_standing__DSC6428.png,model-poses/female_casual_chic_three_quarter__DSC6428.png,model-poses/female_casual_chic_casual_lifestyle__DSC6428.png,published,false,2025-11-28T15:56:27.946217
ZC-F0057,Light Apparel,Female's light apparel. Casual style.,Apparel,Apparel,Female,Women,Adults,Light,,casual,extracted-products/female_light_grey_heels_file_1616x1080_001036_Large_2.png,,,,published,false,2025-11-28T15:56:27.946286
ZC-F0058,Light Top,Female's light top. Casual style.,Tops,Top,Female,Women,Adults,Light,,casual,extracted-products/female_light_grey_sleeveless_top__DSC4744_Large_1.png,model-poses/model2_female_casual_chic_front_standing__DSC4744_Large.png,model-poses/model2_female_casual_chic_three_quarter__DSC4744_Large.png,model-poses/model2_female_casual_chic_casual_lifestyle__DSC4744_Large.png,published,false,2025-11-28T15:56:27.946343
ZC-F0059,Light Jacket,Female's light jacket. Casual style.,Outerwear,Jacket,Female,Women,Adults,Light,,casual,extracted-products/female_light_purple_jacket_outer__DSC4648_Large_1.png,model-poses/model2_female_casual_front_standing__DSC4648_Large.png,model-poses/model2_female_casual_three_quarter__DSC4648_Large.png,model-poses/model2_female_casual_casual_lifestyle__DSC4648_Large.png,published,false,2025-11-28T15:56:27.946596
ZC-KG0060,Girl's Light Pants,Adorable girl's light pants. Casual style.,Kids,Bottoms,Girl,Kids,Kids,Light,,casual,extracted-products/female_light_purple_pants__DSC4648_Large_3.png,,,,published,false,2025-11-28T15:56:27.946722
ZC-F0061,Light Shirt - Textured,Female's light shirt with textured design. Casual style.,Tops,Shirt,Female,Women,Adults,Light,textured,casual,extracted-products/female_light_taupe_matching_button-up_shirt_and_w_textured_grid_pattern_casual__DSC6321.png,model-poses/female_casual_front_standing__DSC6321.png,model-poses/female_casual_three_quarter__DSC6321.png,model-poses/female_casual_casual_lifestyle__DSC6321.png,published,false,2025-11-28T15:56:27.946784
ZC-KG0062,Girl's Light Dress - Graphic,Adorable girl's light dress with graphic design. Casual style.,Kids,Dresses,Girl,Kids,Kids,Light,graphic,casual,extracted-products/female_light_yellow_dress_graphic_file_1616x1080_001036_Large_1.png,,,,published,false,2025-11-28T15:56:27.948002
ZC-F0063,Lime Dress,Female's lime dress. Casual style.,Dresses,Dress,Female,Women,Adults,Lime,,casual,extracted-products/female_lime_green_mini_dress_casual__DSC6428.png,model-poses/female_casual_chic_front_standing__DSC6428.png,model-poses/female_casual_chic_three_quarter__DSC6428.png,model-poses/female_casual_chic_casual_lifestyle__DSC6428.png,published,false,2025-11-28T15:56:27.948102
ZC-F0064,Maroon Dress - Graphic,Female's maroon dress with graphic design. Casual style.,Dresses,Dress,Female,Women,Adults,Maroon,graphic,casual,extracted-products/female_maroon_dress_graphic_SONY_ILCE-7RM5_9600x6376_000463_1.png,,,,published,false,2025-11-28T15:56:27.948169
ZC-F0065,Maroon Shirt - Graphic,Female's maroon shirt with graphic design. Casual style.,Tops,Shirt,Female,Women,Adults,Maroon,graphic,casual,extracted-products/female_maroon_shirt_dress_graphic_print_casual_SONY_ILCE_7RM5_9600x.png,,,,published,false,2025-11-28T15:56:27.948225
ZC-KG0066,Girl's Navy Jumpsuit - Graphic,Adorable girl's navy jumpsuit with graphic design. Casual style.,Kids,Jumpsuits,Girl,Kids,Kids,Navy,graphic,casual,extracted-products/female_navy_blue_jumpsuit_graphic__DSC5817_1.png,,,,published,false,2025-11-28T15:56:27.948288
ZC-KG0067,Girl's Navy Jumpsuit - Graphic,Adorable girl's navy jumpsuit with graphic design. Casual style.,Kids,Jumpsuits,Girl,Kids,Kids,Navy,graphic,casual,extracted-products/female_navy_blue_sleeveless_jumpsuit_graphic_print_casual__DSC5817.png,,,,published,false,2025-11-28T15:56:27.948348
ZC-KG0068,Girl's Off White Dress - Graphic,Adorable girl's off white dress with graphic design. Casual style.,Kids,Dresses,Girl,Kids,Kids,Off White,graphic,casual,extracted-products/female_off-white_dress_graphic__DSC5663_1.png,,,,published,false,2025-11-28T15:56:27.948406
ZC-F0069,Off White Dress,Female's off white dress. Casual style.,Dresses,Dress,Female,Women,Adults,Off White,,casual,extracted-products/female_off-white_dress__DSC3989_Large_1.png,model-poses/model2_female_smart_casual_front_standing__DSC3989_Large.png,model-poses/model2_female_smart_casual_three_quarter__DSC3989_Large.png,model-poses/model2_female_smart_casual_casual_lifestyle__DSC3989_Large.png,published,false,2025-11-28T15:56:27.948465
ZC-F0070,Olive Dress,Female's olive dress. Casual style.,Dresses,Dress,Female,Women,Adults,Olive,,casual,extracted-products/female_olive_green_dress__DSC3606_1.png,model-poses/female_casual_front_standing__DSC3606.png,model-poses/female_casual_three_quarter__DSC3606.png,model-poses/female_casual_casual_lifestyle__DSC3606.png,published,false,2025-11-28T15:56:27.948532
ZC-F0071,Olive Shirt - Graphic,Female's olive shirt with graphic design. Casual style.,Tops,Shirt,Female,Women,Adults,Olive,graphic,casual,extracted-products/female_olive_green_shirt_dress_graphic_print_casual_file_1616x1080_00100.png,,,,published,false,2025-11-28T15:56:27.949167
ZC-F0072,Pale Dress - Graphic,Female's pale dress with graphic design. Casual style.,Dresses,Dress,Female,Women,Adults,Pale,graphic,casual,extracted-products/female_pale_yellow_midi_dress_graphic_print_casual_file_1616x1080_00103.png,,,,published,false,2025-11-28T15:56:27.949696
ZC-KG0073,Girl's Pink Hoodie,Adorable girl's pink hoodie. Casual style.,Kids,Tops,Girl,Kids,Kids,Pink,,casual,extracted-products/female_pink_hoodie__DSC6165_1.png,,,,published,false,2025-11-28T15:56:27.949781
ZC-KG0074,Girl's Pink Apparel - Graphic,Adorable girl's pink apparel with graphic design. Casual style.,Kids,Apparel,Girl,Kids,Kids,Pink,graphic,casual,extracted-products/female_pink_kurta_graphic_SONY_ILCE-7RM5_9600x6376_000390_1_1.png,,,,published,false,2025-11-28T15:56:27.949839
ZC-KG0075,Girl's Pink Pants - Graphic,Adorable girl's pink pants with graphic design. Casual style.,Kids,Bottoms,Girl,Kids,Kids,Pink,graphic,casual,extracted-products/female_pink_pants_graphic_SONY_ILCE-7RM5_9600x6376_000390_1_2.png,,,,published,false,2025-11-28T15:56:27.949895
ZC-F0076,Pink Tank,Female's pink tank. Casual style.,Tops,Tank,Female,Women,Adults,Pink,,casual,extracted-products/female_pink_tank_top__DSC4404_Large_2.png,model-poses/model2_female_casual_front_standing__DSC4404_Large.png,model-poses/model2_female_casual_three_quarter__DSC4404_Large.png,model-poses/model2_female_casual_casual_lifestyle__DSC4404_Large.png,published,false,2025-11-28T15:56:27.949952
ZC-F0077,Pink Track,Female's pink track. Casual style.,Apparel,Track,Female,Women,Adults,Pink,,casual,extracted-products/female_pink_track_pants__DSC6165_2.png,model-poses/female_athletic_front_standing__DSC6165.png,model-poses/female_athletic_three_quarter__DSC6165.png,model-poses/female_athletic_casual_lifestyle__DSC6165.png,published,false,2025-11-28T15:56:27.950020
ZC-F0078,Red Top,Female's red top. Casual style.,Tops,Top,Female,Women,Adults,Red,,casual,extracted-products/female_red_sleeveless_top__DSC6271_1.png,model-poses/female_casual_front_standing__DSC6271.png,model-poses/female_casual_three_quarter__DSC6271.png,model-poses/female_casual_casual_lifestyle__DSC6271.png,published,false,2025-11-28T15:56:27.950078
ZC-F0079,Red Top,Female's red top. Casual style.,Tops,Top,Female,Women,Adults,Red,,casual,extracted-products/female_red_top__DSC3713_Large_2.png,model-poses/model2_female_casual_front_standing__DSC3713_Large.png,model-poses/model2_female_casual_three_quarter__DSC3713_Large.png,model-poses/model2_female_casual_casual_lifestyle__DSC3713_Large.png,published,false,2025-11-28T15:56:27.950136
ZC-KG0080,Girl's White Dress - Graphic,Adorable girl's white dress with graphic design. Casual style.,Kids,Dresses,Girl,Kids,Kids,White,graphic,casual,extracted-products/female_white_dress_graphic__DSC5484_1.png,,,,published,false,2025-11-28T15:56:27.950194
ZC-F0081,White Dress,Female's white dress. Casual style.,Dresses,Dress,Female,Women,Adults,White,,casual,extracted-products/female_white_dress_SONY_ILCE-7RM5_9600x6376_000220_1.png,,,,published,false,2025-11-28T15:56:27.950246
ZC-F0082,White Shirt,Female's white shirt. Casual style.,Tops,Shirt,Female,Women,Adults,White,,casual,extracted-products/female_white_shirt_dress_casual_SONY_ILCE_7RM5_9600x.png,,,,published,false,2025-11-28T15:56:27.950295
ZC-KG0083,Girl's White T - Graphic,Adorable girl's white t with graphic design. Casual style.,Kids,T,Girl,Kids,Kids,White,graphic,casual,extracted-products/female_white_t_shirt_under_graphic__DSC5713_1.png,,,,published,false,2025-11-28T15:56:27.950344
ZC-M0084,Beige Backpack,Male's beige backpack. Casual style.,Accessories,Backpack,Male,Men,Adults,Beige,,casual,extracted-products/male_beige_backpack_outer__DSC3383_org_4.png,model-poses/male_casual_front_standing__DSC3383_org.png,model-poses/male_casual_three_quarter__DSC3383_org.png,model-poses/male_casual_casual_lifestyle__DSC3383_org.png,published,false,2025-11-28T15:56:27.950406
ZC-KB0085,Boy's Beige T - Graphic,Adorable boy's beige t with graphic design. Casual style.,Kids,T,Boy,Kids,Kids,Beige,graphic,casual,extracted-products/male_beige_t_shirt_under_graphic__DSC5549_2.png,,,,published,false,2025-11-28T15:56:27.950465
ZC-M0086,Beige T,Male's beige t. Casual style.,Apparel,T,Male,Men,Adults,Beige,,casual,extracted-products/male_beige_t_shirt_under__DSC3868_Large_2.png,model-poses/model4_female_casual_front_standing__DSC3868_Large.png,model-poses/model4_female_casual_three_quarter__DSC3868_Large.png,model-poses/model4_female_casual_casual_lifestyle__DSC3868_Large.png,published,false,2025-11-28T15:56:27.950536
ZC-M0087,Black Hoodie - Color-Block,Male's black hoodie with color-block design. Streetwear style.,Tops,Hoodie,Male,Men,Adults,Black,color-block,streetwear,extracted-products/male_black_color-block_hoodie_color-block_streetwear__DSC5833.png,model-poses/male_casual_front_standing__DSC5833.png,model-poses/male_casual_three_quarter__DSC5833.png,model-poses/male_casual_casual_lifestyle__DSC5833.png,published,false,2025-11-28T15:56:27.950604
ZC-KB0088,Boy's Black Hoodie - Graphic,Adorable boy's black hoodie with graphic design. Casual style.,Kids,Tops,Boy,Kids,Kids,Black,graphic,casual,extracted-products/male_black_hoodie_graphic__DSC5833_1.png,,,,published,false,2025-11-28T15:56:27.950662
ZC-M0089,Black Jacket,Male's black jacket. Casual style.,Outerwear,Jacket,Male,Men,Adults,Black,,casual,extracted-products/male_black_jacket_outer__DSC4773_1.png,model-poses/male_streetwear_front_standing__DSC4773.png,model-poses/male_streetwear_three_quarter__DSC4773.png,model-poses/male_streetwear_casual_lifestyle__DSC4773.png,published,false,2025-11-28T15:56:27.950712
ZC-M0090,Black Jacket,Male's black jacket. Casual style.,Outerwear,Jacket,Male,Men,Adults,Black,,casual,extracted-products/male_black_jacket_outer__DSC4815_Large_1.png,model-poses/male_streetwear_front_standing__DSC4815_Large.png,model-poses/male_streetwear_three_quarter__DSC4815_Large.png,model-poses/male_streetwear_casual_lifestyle__DSC4815_Large.png,published,false,2025-11-28T15:56:27.950769
ZC-M0091,Black Pants,Male's black pants. Casual style.,Bottoms,Pants,Male,Men,Adults,Black,,casual,extracted-products/male_black_pants_SONY_ILCE-7RM5_6304x4180_000006_2.png,,,,published,false,2025-11-28T15:56:27.950824
ZC-M0092,Black Pants,Male's black pants. Casual style.,Bottoms,Pants,Male,Men,Adults,Black,,casual,extracted-products/male_black_pants_SONY_ILCE-7RM5_6304x4180_000037_4.png,,,,published,false,2025-11-28T15:56:27.950869
ZC-M0093,Black Pants,Male's black pants. Casual style.,Bottoms,Pants,Male,Men,Adults,Black,,casual,extracted-products/male_black_pants__DSC4293_Large_3.png,model-poses/model4_male_casual_front_standing__DSC4293_Large.png,model-poses/model4_male_casual_three_quarter__DSC4293_Large.png,model-poses/model4_male_casual_casual_lifestyle__DSC4293_Large.png,published,false,2025-11-28T15:56:27.950920
ZC-M0094,Black Pants,Male's black pants. Casual style.,Bottoms,Pants,Male,Men,Adults,Black,,casual,extracted-products/male_black_pants__DSC4815_Large_3.png,model-poses/male_streetwear_front_standing__DSC4815_Large.png,model-poses/male_streetwear_three_quarter__DSC4815_Large.png,model-poses/male_streetwear_casual_lifestyle__DSC4815_Large.png,published,false,2025-11-28T15:56:27.950977
ZC-M0095,Black Pants,Male's black pants. Casual style.,Bottoms,Pants,Male,Men,Adults,Black,,casual,extracted-products/male_black_pants__DSC5909_3.png,model-poses/male_casual_front_standing__DSC5909.png,model-poses/male_casual_three_quarter__DSC5909.png,model-poses/male_casual_casual_lifestyle__DSC5909.png,published,false,2025-11-28T15:56:27.951033
ZC-M0096,Black T Shirt - Graphic,Male's black t shirt with graphic design. Streetwear style.,Tops,T-Shirt,Male,Men,Adults,Black,graphic,streetwear,extracted-products/male_black_ribbed_t-shirt_graphic_print_streetwear__DSC6708.png,model-poses/male_casual_front_standing__DSC6708.png,model-poses/male_casual_three_quarter__DSC6708.png,model-poses/male_casual_casual_lifestyle__DSC6708.png,published,false,2025-11-28T15:56:27.951094
ZC-M0097,Black Short - Graphic,Male's black short with graphic design. Casual style.,Apparel,Short,Male,Men,Adults,Black,graphic,casual,extracted-products/male_black_short_sleeved_shirt_graphic__DSC4148_1_1.png,model-poses/model4_female_casual_chic_front_standing__DSC4148_1.png,model-poses/model4_female_casual_chic_three_quarter__DSC4148_1.png,model-poses/model4_female_casual_chic_casual_lifestyle__DSC4148_1.png,published,false,2025-11-28T15:56:27.951167
ZC-M0098,Black Short - Graphic,Male's black short with graphic design. Casual style.,Apparel,Short,Male,Men,Adults,Black,graphic,casual,extracted-products/male_black_short_sleeve_button_up_shirt_graphic__DSC3419_Large_1.png,model-poses/male_casual_front_standing__DSC3419_Large.png,model-poses/male_casual_three_quarter__DSC3419_Large.png,model-poses/male_casual_casual_lifestyle__DSC3419_Large.png,published,false,2025-11-28T15:56:27.951302
ZC-M0099,Black T - Graphic,Male's black t with graphic design. Casual style.,Apparel,T,Male,Men,Adults,Black,graphic,casual,extracted-products/male_black_t_shirt_graphic__DSC4773_2.png,model-poses/male_streetwear_front_standing__DSC4773.png,model-poses/male_streetwear_three_quarter__DSC4773.png,model-poses/male_streetwear_casual_lifestyle__DSC4773.png,published,false,2025-11-28T15:56:27.951372
ZC-KB0100,Boy's Black T - Graphic,Adorable boy's black t with graphic design. Casual style.,Kids,T,Boy,Kids,Kids,Black,graphic,casual,extracted-products/male_black_t_shirt_graphic__DSC5170_1.png,,,,published,false,2025-11-28T15:56:27.951428
ZC-M0101,Black T - Graphic,Male's black t with graphic design. Casual style.,Apparel,T,Male,Men,Adults,Black,graphic,casual,extracted-products/male_black_t_shirt_graphic__DSC6708_1.png,model-poses/male_casual_front_standing__DSC6708.png,model-poses/male_casual_three_quarter__DSC6708.png,model-poses/male_casual_casual_lifestyle__DSC6708.png,published,false,2025-11-28T15:56:27.951635
ZC-KB0102,Boy's Blue Jeans,Adorable boy's blue jeans. Casual style.,Kids,Bottoms,Boy,Kids,Kids,Blue,,casual,extracted-products/male_blue_cargo_jeans__DSC5170_3.png,,,,published,false,2025-11-28T15:56:27.951736
ZC-M0103,Blue Jacket - Graphic,Male's blue jacket with graphic design. Casual style.,Outerwear,Jacket,Male,Men,Adults,Blue,graphic,casual,extracted-products/male_blue_jacket_outer_graphic__DSC5909_2.png,model-poses/male_casual_front_standing__DSC5909.png,model-poses/male_casual_three_quarter__DSC5909.png,model-poses/male_casual_casual_lifestyle__DSC5909.png,published,false,2025-11-28T15:56:27.951802
ZC-KB0104,Boy's Blue Jacket,Adorable boy's blue jacket. Casual style.,Kids,Outerwear,Boy,Kids,Kids,Blue,,casual,extracted-products/male_blue_jacket_outer__DSC5549_1.png,,,,published,false,2025-11-28T15:56:27.952182
ZC-M0105,Blue Jeans,Male's blue jeans. Casual style.,Bottoms,Jeans,Male,Men,Adults,Blue,,casual,extracted-products/male_blue_jeans__DSC3800_Large_2.png,model-poses/model3_male_casual_front_standing__DSC3800_Large.png,model-poses/model3_male_casual_three_quarter__DSC3800_Large.png,model-poses/model3_male_casual_casual_lifestyle__DSC3800_Large.png,published,false,2025-11-28T15:56:27.952275
ZC-M0106,Blue Jeans,Male's blue jeans. Casual style.,Bottoms,Jeans,Male,Men,Adults,Blue,,casual,extracted-products/male_blue_jeans__DSC5743_2.png,model-poses/male_casual_front_standing__DSC5743.png,model-poses/male_casual_three_quarter__DSC5743.png,model-poses/male_casual_casual_lifestyle__DSC5743.png,published,false,2025-11-28T15:56:27.952344
ZC-M0107,Blue Jeans,Male's blue jeans. Casual style.,Bottoms,Jeans,Male,Men,Adults,Blue,,casual,extracted-products/male_blue_jeans__DSC5833_2.png,model-poses/male_casual_front_standing__DSC5833.png,model-poses/male_casual_three_quarter__DSC5833.png,model-poses/male_casual_casual_lifestyle__DSC5833.png,published,false,2025-11-28T15:56:27.952409
ZC-M0108,Blue T,Male's blue t. Casual style.,Apparel,T,Male,Men,Adults,Blue,,casual,extracted-products/male_blue_t_shirt_under_SONY_ILCE-7RM5_6304x4180_000037_3.png,,,,published,false,2025-11-28T15:56:27.952476
ZC-M0109,Brown Jacket,Male's brown jacket. Casual style.,Outerwear,Jacket,Male,Men,Adults,Brown,,casual,extracted-products/male_brown_jacket_outer_SONY_ILCE-7RM5_6304x4180_000037_1.png,,,,published,false,2025-11-28T15:56:27.952576
ZC-M0110,Brown T - Graphic,Male's brown t with graphic design. Casual style.,Apparel,T,Male,Men,Adults,Brown,graphic,casual,extracted-products/male_brown_t_shirt_under_graphic__DSC5909_1.png,model-poses/male_casual_front_standing__DSC5909.png,model-poses/male_casual_three_quarter__DSC5909.png,model-poses/male_casual_casual_lifestyle__DSC5909.png,published,false,2025-11-28T15:56:27.952644
ZC-KB0111,Boy's Brown Jacket - Graphic,Adorable boy's brown jacket with graphic design. Casual style.,Kids,Outerwear,Boy,Kids,Kids,Brown,graphic,casual,extracted-products/male_brown_varsity_jacket_outer_graphic__DSC3868_Large_1.png,,,,published,false,2025-11-28T15:56:27.952708
ZC-KB0112,Boy's Dark Jeans - Graphic,Adorable boy's dark jeans with graphic design. Streetwear style.,Kids,Bottoms,Boy,Kids,Kids,Dark,graphic,streetwear,extracted-products/male_dark_blue_cargo_jeans_graphic_print_streetwear__DSC7728.png,,,,published,false,2025-11-28T15:56:27.952764
ZC-M0113,Dark Pants,Male's dark pants. Casual style.,Bottoms,Pants,Male,Men,Adults,Dark,,casual,extracted-products/male_dark_blue_cargo_pants__DSC4827_Large_2.png,model-poses/model2_female_casual_front_standing__DSC4827_Large.png,model-poses/model2_female_casual_three_quarter__DSC4827_Large.png,model-poses/model2_female_casual_casual_lifestyle__DSC4827_Large.png,published,false,2025-11-28T15:56:27.952825
ZC-M0114,Dark Jacket,Male's dark jacket. Casual style.,Outerwear,Jacket,Male,Men,Adults,Dark,,casual,extracted-products/male_dark_blue_denim_jacket_outer__DSC4293_Large_2.png,model-poses/model4_male_casual_front_standing__DSC4293_Large.png,model-poses/model4_male_casual_three_quarter__DSC4293_Large.png,model-poses/model4_male_casual_casual_lifestyle__DSC4293_Large.png,published,false,2025-11-28T15:56:27.952898
ZC-M0115,Dark Jacket,Male's dark jacket. Casual style.,Outerwear,Jacket,Male,Men,Adults,Dark,,casual,extracted-products/male_dark_blue_jacket_outer_SONY_ILCE-7RM5_9600x6376_000267_1.png,,,,published,false,2025-11-28T15:56:27.952969
ZC-M0116,Dark Jeans,Male's dark jeans. Casual style.,Bottoms,Jeans,Male,Men,Adults,Dark,,casual,extracted-products/male_dark_blue_jeans_SONY_ILCE-7RM5_9600x6376_000109_2.png,,,,published,false,2025-11-28T15:56:27.953024
ZC-M0117,Dark Jeans,Male's dark jeans. Casual style.,Bottoms,Jeans,Male,Men,Adults,Dark,,casual,extracted-products/male_dark_blue_jeans__DSC3339_Large_2.png,model-poses/male_casual_front_standing__DSC3339_Large.png,model-poses/male_casual_three_quarter__DSC3339_Large.png,model-poses/male_casual_casual_lifestyle__DSC3339_Large.png,published,false,2025-11-28T15:56:27.953076
ZC-M0118,Dark Jeans,Male's dark jeans. Casual style.,Bottoms,Jeans,Male,Men,Adults,Dark,,casual,extracted-products/male_dark_blue_jeans__DSC3383_org_2.png,model-poses/male_casual_front_standing__DSC3383_org.png,model-poses/male_casual_three_quarter__DSC3383_org.png,model-poses/male_casual_casual_lifestyle__DSC3383_org.png,published,false,2025-11-28T15:56:27.953139
ZC-M0119,Dark Jeans,Male's dark jeans. Casual style.,Bottoms,Jeans,Male,Men,Adults,Dark,,casual,extracted-products/male_dark_blue_jeans__DSC4193_Large_2.png,model-poses/male_casual_front_standing__DSC4193_Large.png,model-poses/male_casual_three_quarter__DSC4193_Large.png,model-poses/male_casual_casual_lifestyle__DSC4193_Large.png,published,false,2025-11-28T15:56:27.953600
ZC-M0120,Dark Jeans,Male's dark jeans. Casual style.,Bottoms,Jeans,Male,Men,Adults,Dark,,casual,extracted-products/male_dark_blue_jeans__DSC7728_3.png,model-poses/male_casual_front_standing__DSC7728.png,model-poses/male_casual_three_quarter__DSC7728.png,model-poses/male_casual_casual_lifestyle__DSC7728.png,published,false,2025-11-28T15:56:27.953669
ZC-M0121,Dark Jeans,Male's dark jeans. Casual style.,Bottoms,Jeans,Male,Men,Adults,Dark,,casual,extracted-products/male_dark_blue_jeans__DSC7902_3.png,model-poses/male_casual_front_standing__DSC7902.png,model-poses/male_casual_three_quarter__DSC7902.png,model-poses/male_casual_casual_lifestyle__DSC7902.png,published,false,2025-11-28T15:56:27.953731
ZC-M0122,Dark T - Graphic,Male's dark t with graphic design. Casual style.,Apparel,T,Male,Men,Adults,Dark,graphic,casual,extracted-products/male_dark_blue_t_shirt_graphic__DSC4360_Large_1.png,model-poses/model2_female_streetwear_front_standing__DSC4360_Large.png,model-poses/model2_female_streetwear_three_quarter__DSC4360_Large.png,model-poses/model2_female_streetwear_casual_lifestyle__DSC4360_Large.png,published,false,2025-11-28T15:56:27.953792
ZC-M0123,Dark T - Graphic,Male's dark t with graphic design. Casual style.,Apparel,T,Male,Men,Adults,Dark,graphic,casual,extracted-products/male_dark_green_t_shirt_graphic_SONY_ILCE-7RM5_6304x4180_000060_1.png,,,,published,false,2025-11-28T15:56:27.953899
ZC-M0124,Dark T - Graphic,Male's dark t with graphic design. Casual style.,Apparel,T,Male,Men,Adults,Dark,graphic,casual,extracted-products/male_dark_green_t_shirt_graphic__DSC3339_Large_1.png,model-poses/male_casual_front_standing__DSC3339_Large.png,model-poses/male_casual_three_quarter__DSC3339_Large.png,model-poses/male_casual_casual_lifestyle__DSC3339_Large.png,published,false,2025-11-28T15:56:27.953953
ZC-KB0125,Boy's Dark Jeans,Adorable boy's dark jeans. Casual style.,Kids,Bottoms,Boy,Kids,Kids,Dark,,casual,extracted-products/male_dark_grey_cargo_jeans__DSC5454_2.png,,,,published,false,2025-11-28T15:56:27.954009
ZC-M0126,Dark Pants,Male's dark pants. Casual style.,Bottoms,Pants,Male,Men,Adults,Dark,,casual,extracted-products/male_dark_grey_pants__DSC4597_Large_2.png,model-poses/model3_female_casual_front_standing__DSC4597_Large.png,model-poses/model3_female_casual_three_quarter__DSC4597_Large.png,model-poses/model3_female_casual_casual_lifestyle__DSC4597_Large.png,published,false,2025-11-28T15:56:27.954056
ZC-M0127,Dark Pants,Male's dark pants. Casual style.,Bottoms,Pants,Male,Men,Adults,Dark,,casual,extracted-products/male_dark_grey_pants__DSC4773_3.png,model-poses/male_streetwear_front_standing__DSC4773.png,model-poses/male_streetwear_three_quarter__DSC4773.png,model-poses/male_streetwear_casual_lifestyle__DSC4773.png,published,false,2025-11-28T15:56:27.954113
ZC-M0128,Dark Shorts,Male's dark shorts. Casual style.,Bottoms,Shorts,Male,Men,Adults,Dark,,casual,extracted-products/male_dark_grey_shorts__DSC4148_1_2.png,model-poses/model4_female_casual_chic_front_standing__DSC4148_1.png,model-poses/model4_female_casual_chic_three_quarter__DSC4148_1.png,model-poses/model4_female_casual_chic_casual_lifestyle__DSC4148_1.png,published,false,2025-11-28T15:56:27.954170
ZC-M0129,Dark Pants,Male's dark pants. Casual style.,Bottoms,Pants,Male,Men,Adults,Dark,,casual,extracted-products/male_dark_olive_green_cargo_pants__DSC3419_Large_2.png,model-poses/male_casual_front_standing__DSC3419_Large.png,model-poses/male_casual_three_quarter__DSC3419_Large.png,model-poses/male_casual_casual_lifestyle__DSC3419_Large.png,published,false,2025-11-28T15:56:27.954228
ZC-M0130,Dusty T Shirt - Graphic,Male's dusty t shirt with graphic design. Streetwear style.,Tops,T-Shirt,Male,Men,Adults,Dusty,graphic,streetwear,extracted-products/male_dusty_green_t-shirt_graphic_print_streetwear_SONY_ILCE_7RM5_9600x.png,,,,published,false,2025-11-28T15:56:27.954287
ZC-M0131,Green T,Male's green t. Casual style.,Apparel,T,Male,Men,Adults,Green,,casual,extracted-products/male_green_t_shirt_under__DSC7902_2.png,model-poses/male_casual_front_standing__DSC7902.png,model-poses/male_casual_three_quarter__DSC7902.png,model-poses/male_casual_casual_lifestyle__DSC7902.png,published,false,2025-11-28T15:56:27.954342
ZC-M0132,Grey Jacket,Male's grey jacket. Casual style.,Outerwear,Jacket,Male,Men,Adults,Grey,,casual,extracted-products/male_grey_jacket_outer__DSC7902_1.png,model-poses/male_casual_front_standing__DSC7902.png,model-poses/male_casual_three_quarter__DSC7902.png,model-poses/male_casual_casual_lifestyle__DSC7902.png,published,false,2025-11-28T15:56:27.954410
ZC-M0133,Heather Jacket,Male's heather jacket. Streetwear style.,Outerwear,Jacket,Male,Men,Adults,Heather,,streetwear,extracted-products/male_heather_gray_zip-up_jacket_streetwear__DSC7902.png,model-poses/male_casual_front_standing__DSC7902.png,model-poses/male_casual_three_quarter__DSC7902.png,model-poses/male_casual_casual_lifestyle__DSC7902.png,published,false,2025-11-28T15:56:27.954469
ZC-M0134,Khaki Pants,Male's khaki pants. Casual style.,Bottoms,Pants,Male,Men,Adults,Khaki,,casual,extracted-products/male_khaki_pants__DSC3820_Large_2.png,model-poses/model2_male_streetwear_front_standing__DSC3820_Large.png,model-poses/model2_male_streetwear_three_quarter__DSC3820_Large.png,model-poses/model2_male_streetwear_casual_lifestyle__DSC3820_Large.png,published,false,2025-11-28T15:56:27.954524
ZC-M0135,Khaki Short - Graphic,Male's khaki short with graphic design. Casual style.,Apparel,Short,Male,Men,Adults,Khaki,graphic,casual,extracted-products/male_khaki_short_sleeved_shirt_graphic_SONY_ILCE-7RM5_6304x4180_000006_1.png,,,,published,false,2025-11-28T15:56:27.954586
ZC-M0136,Light Jeans,Male's light jeans. Casual style.,Bottoms,Jeans,Male,Men,Adults,Light,,casual,extracted-products/male_light_blue_jeans_SONY_ILCE-7RM5_6304x4180_000060_2.png,,,,published,false,2025-11-28T15:56:27.954634
ZC-M0137,Light Jeans,Male's light jeans. Casual style.,Bottoms,Jeans,Male,Men,Adults,Light,,casual,extracted-products/male_light_blue_jeans_SONY_ILCE-7RM5_9600x6376_000267_3.png,,,,published,false,2025-11-28T15:56:27.954680
ZC-M0138,Light Jeans,Male's light jeans. Casual style.,Bottoms,Jeans,Male,Men,Adults,Light,,casual,extracted-products/male_light_blue_jeans__DSC4360_Large_2.png,model-poses/model2_female_streetwear_front_standing__DSC4360_Large.png,model-poses/model2_female_streetwear_three_quarter__DSC4360_Large.png,model-poses/model2_female_streetwear_casual_lifestyle__DSC4360_Large.png,published,false,2025-11-28T15:56:27.954731
ZC-M0139,Light Jeans,Male's light jeans. Casual style.,Bottoms,Jeans,Male,Men,Adults,Light,,casual,extracted-products/male_light_blue_jeans__DSC6708_2.png,model-poses/male_casual_front_standing__DSC6708.png,model-poses/male_casual_three_quarter__DSC6708.png,model-poses/male_casual_casual_lifestyle__DSC6708.png,published,false,2025-11-28T15:56:27.955000
ZC-M0140,Light Shirt,Male's light shirt. Casual style.,Tops,Shirt,Male,Men,Adults,Light,,casual,extracted-products/male_light_grey_button_up_shirt__DSC4827_Large_1.png,model-poses/model2_female_casual_front_standing__DSC4827_Large.png,model-poses/model2_female_casual_three_quarter__DSC4827_Large.png,model-poses/model2_female_casual_casual_lifestyle__DSC4827_Large.png,published,false,2025-11-28T15:56:27.955068
ZC-M0141,Maroon Shirt,Male's maroon shirt. Casual style.,Tops,Shirt,Male,Men,Adults,Maroon,,casual,extracted-products/male_maroon_shirt__DSC3383_org_1.png,model-poses/male_casual_front_standing__DSC3383_org.png,model-poses/male_casual_three_quarter__DSC3383_org.png,model-poses/male_casual_casual_lifestyle__DSC3383_org.png,published,false,2025-11-28T15:56:27.955129
ZC-KB0142,Boy's Medium Jacket,Adorable boy's medium jacket. Casual style.,Kids,Outerwear,Boy,Kids,Kids,Medium,,casual,extracted-products/male_medium_wash_blue_denim_jacket_casual__DSC5549.png,,,,published,false,2025-11-28T15:56:27.955190
ZC-M0143,Medium Shirt,Male's medium shirt. Streetwear style.,Tops,Shirt,Male,Men,Adults,Medium,,streetwear,extracted-products/male_medium_wash_denim_blue_denim_shirt_jacket_streetwear__DSC5909.png,model-poses/male_casual_front_standing__DSC5909.png,model-poses/male_casual_three_quarter__DSC5909.png,model-poses/male_casual_casual_lifestyle__DSC5909.png,published,false,2025-11-28T15:56:27.955247
ZC-M0144,Off White Shirt - Graphic,Male's off white shirt with graphic design. Casual style.,Tops,Shirt,Male,Men,Adults,Off White,graphic,casual,extracted-products/male_off-white_button_up_shirt_graphic__DSC3800_Large_1.png,model-poses/model3_male_casual_front_standing__DSC3800_Large.png,model-poses/model3_male_casual_three_quarter__DSC3800_Large.png,model-poses/model3_male_casual_casual_lifestyle__DSC3800_Large.png,published,false,2025-11-28T15:56:27.955321
ZC-KB0145,Boy's Olive Pants - Graphic,Adorable boy's olive pants with graphic design. Casual style.,Kids,Bottoms,Boy,Kids,Kids,Olive,graphic,casual,extracted-products/male_olive_green_pants_graphic__DSC5549_3.png,,,,published,false,2025-11-28T15:56:27.955389
ZC-M0146,Olive Short,Male's olive short. Casual style.,Apparel,Short,Male,Men,Adults,Olive,,casual,extracted-products/male_olive_green_short_sleeve_shirt_outer__DSC7728_1.png,model-poses/male_casual_front_standing__DSC7728.png,model-poses/male_casual_three_quarter__DSC7728.png,model-poses/male_casual_casual_lifestyle__DSC7728.png,published,false,2025-11-28T15:56:27.955450
ZC-M0147,Orange T - Graphic,Male's orange t with graphic design. Casual style.,Apparel,T,Male,Men,Adults,Orange,graphic,casual,extracted-products/male_orange_t_shirt_graphic__DSC4597_Large_1.png,model-poses/model3_female_casual_front_standing__DSC4597_Large.png,model-poses/model3_female_casual_three_quarter__DSC4597_Large.png,model-poses/model3_female_casual_casual_lifestyle__DSC4597_Large.png,published,false,2025-11-28T15:56:27.955620
ZC-KB0148,Boy's Red Hoodie - Graphic,Adorable boy's red hoodie with graphic design. Casual style.,Kids,Tops,Boy,Kids,Kids,Red,graphic,casual,extracted-products/male_red_hoodie_jacket_outer_graphic__DSC5170_2.png,,,,published,false,2025-11-28T15:56:27.955687
ZC-KB0149,Boy's Sage T - Graphic,Adorable boy's sage t with graphic design. Casual style.,Kids,T,Boy,Kids,Kids,Sage,graphic,casual,extracted-products/male_sage_green_t_shirt_graphic_SONY_ILCE-7RM5_9600x6376_000267_2.png,,,,published,false,2025-11-28T15:56:27.955741
ZC-M0150,Teal T,Male's teal t. Casual style.,Apparel,T,Male,Men,Adults,Teal,,casual,extracted-products/male_teal_t_shirt__DSC3820_Large_1.png,model-poses/model2_male_streetwear_front_standing__DSC3820_Large.png,model-poses/model2_male_streetwear_three_quarter__DSC3820_Large.png,model-poses/model2_male_streetwear_casual_lifestyle__DSC3820_Large.png,published,false,2025-11-28T15:56:27.955797
ZC-M0151,Washed T Shirt - Graphic,Male's washed t shirt with graphic design. Streetwear style.,Tops,T-Shirt,Male,Men,Adults,Washed,graphic,streetwear,extracted-products/male_washed_olive_green_t-shirt_graphic_print_streetwear_SONY_ILCE_7RM5_6304x.png,,,,published,false,2025-11-28T15:56:27.955859
ZC-M0152,White Shirt - Graphic,Male's white shirt with graphic design. Casual style.,Tops,Shirt,Male,Men,Adults,White,graphic,casual,extracted-products/male_white_camp_collar_shirt_graphic_print_casual_SONY_ILCE_7RM5_9600x.png,,,,published,false,2025-11-28T15:56:27.955913
ZC-KB0153,Boy's White Hoodie - Graphic,Adorable boy's white hoodie with graphic design. Casual style.,Kids,Tops,Boy,Kids,Kids,White,graphic,casual,extracted-products/male_white_hoodie_graphic__DSC5454_1.png,,,,published,false,2025-11-28T15:56:27.955963
ZC-M0154,White Hoodie - Graphic,Male's white hoodie with graphic design. Casual style.,Tops,Hoodie,Male,Men,Adults,White,graphic,casual,extracted-products/male_white_hoodie_graphic__DSC5743_1.png,model-poses/male_casual_front_standing__DSC5743.png,model-poses/male_casual_three_quarter__DSC5743.png,model-poses/male_casual_casual_lifestyle__DSC5743.png,published,false,2025-11-28T15:56:27.956014
ZC-KB0155,Boy's White Hoodie - Tie-Dye,Adorable boy's white hoodie with tie-dye design. Streetwear style.,Kids,Tops,Boy,Kids,Kids,White,tie-dye,streetwear,extracted-products/male_white_hoodie_tie-dye_streetwear__DSC5743.png,,,,published,false,2025-11-28T15:56:27.956072
ZC-M0156,White Pants,Male's white pants. Casual style.,Bottoms,Pants,Male,Men,Adults,White,,casual,extracted-products/male_white_pants__DSC3868_Large_3.png,model-poses/model4_female_casual_front_standing__DSC3868_Large.png,model-poses/model4_female_casual_three_quarter__DSC3868_Large.png,model-poses/model4_female_casual_casual_lifestyle__DSC3868_Large.png,published,false,2025-11-28T15:56:27.956125
ZC-M0157,White Short - Graphic,Male's white short with graphic design. Casual style.,Apparel,Short,Male,Men,Adults,White,graphic,casual,extracted-products/male_white_short_sleeved_shirt_graphic_SONY_ILCE-7RM5_9600x6376_000109_1.png,,,,published,false,2025-11-28T15:56:27.956191
ZC-M0158,White Short - Graphic,Male's white short with graphic design. Casual style.,Apparel,Short,Male,Men,Adults,White,graphic,casual,extracted-products/male_white_short_sleeve_shirt_graphic__DSC4193_Large_1.png,model-poses/male_casual_front_standing__DSC4193_Large.png,model-poses/male_casual_three_quarter__DSC4193_Large.png,model-poses/male_casual_casual_lifestyle__DSC4193_Large.png,published,false,2025-11-28T15:56:27.956252
ZC-M0159,White T - Graphic,Male's white t with graphic design. Casual style.,Apparel,T,Male,Men,Adults,White,graphic,casual,extracted-products/male_white_t_shirt_graphic__DSC4815_Large_2.png,model-poses/male_streetwear_front_standing__DSC4815_Large.png,model-poses/male_streetwear_three_quarter__DSC4815_Large.png,model-poses/male_streetwear_casual_lifestyle__DSC4815_Large.png,published,false,2025-11-28T15:56:27.956335
ZC-M0160,White T - Graphic,Male's white t with graphic design. Casual style.,Apparel,T,Male,Men,Adults,White,graphic,casual,extracted-products/male_white_t_shirt_graphic__DSC7728_2.png,model-poses/male_casual_front_standing__DSC7728.png,model-poses/male_casual_three_quarter__DSC7728.png,model-poses/male_casual_casual_lifestyle__DSC7728.png,published,false,2025-11-28T15:56:27.956402
ZC-M0161,White T - Striped,Male's white t with striped design. Casual style.,Apparel,T,Male,Men,Adults,White,striped,casual,extracted-products/male_white_t_shirt_striped_SONY_ILCE-7RM5_6304x4180_000037_2.png,,,,published,false,2025-11-28T15:56:27.956468
ZC-M0162,White T - Graphic,Male's white t with graphic design. Casual style.,Apparel,T,Male,Men,Adults,White,graphic,casual,extracted-products/male_white_t_shirt_under_graphic__DSC4293_Large_1.png,model-poses/model4_male_casual_front_standing__DSC4293_Large.png,model-poses/model4_male_casual_three_quarter__DSC4293_Large.png,model-poses/model4_male_casual_casual_lifestyle__DSC4293_Large.png,published,false,2025-11-28T15:56:27.956525
ZC-F0163,Beige Flats,Female's beige flats. Casual style.,Footwear,Flats,Female,Women,Adults,Beige,,casual,extracted-products/model2_female_beige_flats_SONY_ILCE-7RM5_9600x6376_000156_5.png,,,,published,false,2025-11-28T15:56:27.956595
ZC-KG0164,Girl's Beige Hoodie - Striped,Adorable girl's beige hoodie with striped design. Casual style.,Kids,Tops,Girl,Kids,Kids,Beige,striped,casual,extracted-products/model2_female_beige_hoodie_striped_SONY_ILCE-7RM5_9600x6376_000237_4.png,,,,published,false,2025-11-28T15:56:27.956645
ZC-F0165,Black Dress - Graphic,Female's black dress with graphic design. Casual style.,Dresses,Dress,Female,Women,Adults,Black,graphic,casual,extracted-products/model2_female_black_dress_graphic_SONY_ILCE-7RM5_9600x6376_000220_3.png,,,,published,false,2025-11-28T15:56:27.956705
ZC-F0166,Black Apparel,Female's black apparel. Casual style.,Apparel,Apparel,Female,Women,Adults,Black,,casual,extracted-products/model2_female_black_heels_SONY_ILCE-7RM5_9600x6376_000220_4.png,,,,published,false,2025-11-28T15:56:27.956765
ZC-F0167,Black Apparel,Female's black apparel. Casual style.,Apparel,Apparel,Female,Women,Adults,Black,,casual,extracted-products/model2_female_black_heels__DSC4744_Large_5.png,model-poses/model2_female_casual_chic_front_standing__DSC4744_Large.png,model-poses/model2_female_casual_chic_three_quarter__DSC4744_Large.png,model-poses/model2_female_casual_chic_casual_lifestyle__DSC4744_Large.png,published,false,2025-11-28T15:56:27.956821
ZC-KG0168,Girl's Black Dress,Adorable girl's black dress. Casual style.,Kids,Dresses,Girl,Kids,Kids,Black,,casual,extracted-products/model2_female_black_midi_dress__DSC4744_Large_4.png,,,,published,false,2025-11-28T15:56:27.956883
ZC-F0169,Black Pants,Female's black pants. Casual style.,Bottoms,Pants,Female,Women,Adults,Black,,casual,extracted-products/model2_female_black_pants_SONY_ILCE-7RM5_9600x6376_000156_4.png,,,,published,false,2025-11-28T15:56:27.956937
ZC-F0170,Black Pants,Female's black pants. Casual style.,Bottoms,Pants,Female,Women,Adults,Black,,casual,extracted-products/model2_female_black_pants__DSC3989_Large_3.png,model-poses/model2_female_smart_casual_front_standing__DSC3989_Large.png,model-poses/model2_female_smart_casual_three_quarter__DSC3989_Large.png,model-poses/model2_female_smart_casual_casual_lifestyle__DSC3989_Large.png,published,false,2025-11-28T15:56:27.956993
ZC-F0171,Black Pants,Female's black pants. Casual style.,Bottoms,Pants,Female,Women,Adults,Black,,casual,extracted-products/model2_female_black_pants__DSC4360_Large_5.png,model-poses/model2_female_streetwear_front_standing__DSC4360_Large.png,model-poses/model2_female_streetwear_three_quarter__DSC4360_Large.png,model-poses/model2_female_streetwear_casual_lifestyle__DSC4360_Large.png,published,false,2025-11-28T15:56:27.957057
ZC-F0172,Black Pants,Female's black pants. Casual style.,Bottoms,Pants,Female,Women,Adults,Black,,casual,extracted-products/model2_female_black_pants__DSC4827_Large_4.png,model-poses/model2_female_casual_front_standing__DSC4827_Large.png,model-poses/model2_female_casual_three_quarter__DSC4827_Large.png,model-poses/model2_female_casual_casual_lifestyle__DSC4827_Large.png,published,false,2025-11-28T15:56:27.957162
ZC-F0173,Black Shorts,Female's black shorts. Casual style.,Bottoms,Shorts,Female,Women,Adults,Black,,casual,extracted-products/model2_female_black_shorts_SONY_ILCE-7RM5_6304x4180_000006_4.png,,,,published,false,2025-11-28T15:56:27.957231
ZC-F0174,Black Visor - Graphic,Female's black visor with graphic design. Casual style.,Accessories,Visor,Female,Women,Adults,Black,graphic,casual,extracted-products/model2_female_black_visor_outer_graphic__DSC3800_Large_4.png,model-poses/model2_female_casual_front_standing__DSC3800_Large.png,model-poses/model2_female_casual_three_quarter__DSC3800_Large.png,model-poses/model2_female_casual_casual_lifestyle__DSC3800_Large.png,published,false,2025-11-28T15:56:27.957289
ZC-F0175,Blue Jeans,Female's blue jeans. Casual style.,Bottoms,Jeans,Female,Women,Adults,Blue,,casual,extracted-products/model2_female_blue_jeans_SONY_ILCE-7RM5_9600x6376_000237_5.png,,,,published,false,2025-11-28T15:56:27.957361
ZC-F0176,Blue Jeans,Female's blue jeans. Casual style.,Bottoms,Jeans,Female,Women,Adults,Blue,,casual,extracted-products/model2_female_blue_jeans__DSC3713_Large_5.png,model-poses/model2_female_casual_front_standing__DSC3713_Large.png,model-poses/model2_female_casual_three_quarter__DSC3713_Large.png,model-poses/model2_female_casual_casual_lifestyle__DSC3713_Large.png,published,false,2025-11-28T15:56:27.957412
ZC-F0177,Blue Jeans,Female's blue jeans. Casual style.,Bottoms,Jeans,Female,Women,Adults,Blue,,casual,extracted-products/model2_female_blue_jeans__DSC4597_Large_5.png,model-poses/model3_female_casual_front_standing__DSC4597_Large.png,model-poses/model3_female_casual_three_quarter__DSC4597_Large.png,model-poses/model3_female_casual_casual_lifestyle__DSC4597_Large.png,published,false,2025-11-28T15:56:27.957475
ZC-F0178,Blue Jeans,Female's blue jeans. Casual style.,Bottoms,Jeans,Female,Women,Adults,Blue,,casual,extracted-products/model2_female_blue_jeans__DSC4648_Large_5.png,model-poses/model2_female_casual_front_standing__DSC4648_Large.png,model-poses/model2_female_casual_three_quarter__DSC4648_Large.png,model-poses/model2_female_casual_casual_lifestyle__DSC4648_Large.png,published,false,2025-11-28T15:56:27.958598
ZC-F0179,Blue Tank,Female's blue tank. Casual style.,Tops,Tank,Female,Women,Adults,Blue,,casual,extracted-products/model2_female_blue_tank_top__DSC3868_Large_4.png,model-poses/model4_female_casual_front_standing__DSC3868_Large.png,model-poses/model4_female_casual_three_quarter__DSC3868_Large.png,model-poses/model4_female_casual_casual_lifestyle__DSC3868_Large.png,published,false,2025-11-28T15:56:27.958795
ZC-F0180,Bright Top,Female's bright top. Casual style.,Tops,Top,Female,Women,Adults,Bright,,casual,extracted-products/model2_female_bright_pink_crop_top_SONY_ILCE-7RM5_9600x6376_000267_5.png,,,,published,false,2025-11-28T15:56:27.958886
ZC-F0181,Brown Top - Graphic,Female's brown top with graphic design. Casual style.,Tops,Top,Female,Women,Adults,Brown,graphic,casual,extracted-products/model2_female_brown_cropped_top_graphic_SONY_ILCE-7RM5_6304x4180_000006_3.png,,,,published,false,2025-11-28T15:56:27.958940
ZC-F0182,Burgundy Top,Female's burgundy top. Casual style.,Tops,Top,Female,Women,Adults,Burgundy,,casual,extracted-products/model2_female_burgundy_top_SONY_ILCE-7RM5_9600x6376_000156_3.png,,,,published,false,2025-11-28T15:56:27.958990
ZC-F0183,Dark Pants - Graphic,Female's dark pants with graphic design. Casual style.,Bottoms,Pants,Female,Women,Adults,Dark,graphic,casual,extracted-products/model2_female_dark_blue_pants_graphic_SONY_ILCE-7RM5_9600x6376_000463_3.png,,,,published,false,2025-11-28T15:56:27.959269
ZC-F0184,Dark Top - Graphic,Female's dark top with graphic design. Casual style.,Tops,Top,Female,Women,Adults,Dark,graphic,casual,extracted-products/model2_female_dark_blue_top_graphic_SONY_ILCE-7RM5_9600x6376_000463_2.png,,,,published,false,2025-11-28T15:56:27.959333
ZC-F0185,Dark Top,Female's dark top. Casual style.,Tops,Top,Female,Women,Adults,Dark,,casual,extracted-products/model2_female_dark_brown_sleeveless_top__DSC4827_Large_3.png,model-poses/model2_female_casual_front_standing__DSC4827_Large.png,model-poses/model2_female_casual_three_quarter__DSC4827_Large.png,model-poses/model2_female_casual_casual_lifestyle__DSC4827_Large.png,published,false,2025-11-28T15:56:27.959679
ZC-F0186,Dark T - Graphic,Female's dark t with graphic design. Casual style.,Apparel,T,Female,Women,Adults,Dark,graphic,casual,extracted-products/model2_female_dark_green_t_shirt_graphic__DSC4447_Large_3.png,model-poses/model2_female_streetwear_front_standing__DSC4447_Large.png,model-poses/model2_female_streetwear_three_quarter__DSC4447_Large.png,model-poses/model2_female_streetwear_casual_lifestyle__DSC4447_Large.png,published,false,2025-11-28T15:56:27.959765
ZC-F0187,Light Jacket,Female's light jacket. Casual style.,Outerwear,Jacket,Female,Women,Adults,Light,,casual,extracted-products/model2_female_light_blue_denim_jacket_outer__DSC4293_Large_5.png,model-poses/model3_female_casual_front_standing__DSC4293_Large.png,model-poses/model3_female_casual_three_quarter__DSC4293_Large.png,model-poses/model3_female_casual_casual_lifestyle__DSC4293_Large.png,published,false,2025-11-28T15:56:27.959837
ZC-F0188,Light Jacket,Female's light jacket. Casual style.,Outerwear,Jacket,Female,Women,Adults,Light,,casual,extracted-products/model2_female_light_blue_jacket_outer_SONY_ILCE-7RM5_9600x6376_000267_4.png,,,,published,false,2025-11-28T15:56:27.959899
ZC-F0189,Light Jeans,Female's light jeans. Casual style.,Bottoms,Jeans,Female,Women,Adults,Light,,casual,extracted-products/model2_female_light_blue_jeans_SONY_ILCE-7RM5_9600x6376_000267_6.png,,,,published,false,2025-11-28T15:56:27.959949
ZC-F0190,Light Jeans,Female's light jeans. Casual style.,Bottoms,Jeans,Female,Women,Adults,Light,,casual,extracted-products/model2_female_light_blue_jeans__DSC3800_Large_6.png,model-poses/model2_female_casual_front_standing__DSC3800_Large.png,model-poses/model2_female_casual_three_quarter__DSC3800_Large.png,model-poses/model2_female_casual_casual_lifestyle__DSC3800_Large.png,published,false,2025-11-28T15:56:27.959996
ZC-F0191,Light Jeans,Female's light jeans. Casual style.,Bottoms,Jeans,Female,Women,Adults,Light,,casual,extracted-products/model2_female_light_blue_jeans__DSC4293_Large_6.png,model-poses/model3_female_casual_front_standing__DSC4293_Large.png,model-poses/model3_female_casual_three_quarter__DSC4293_Large.png,model-poses/model3_female_casual_casual_lifestyle__DSC4293_Large.png,published,false,2025-11-28T15:56:27.960054
ZC-F0192,Light Jeans,Female's light jeans. Casual style.,Bottoms,Jeans,Female,Women,Adults,Light,,casual,extracted-products/model2_female_light_blue_jeans__DSC4404_Large_6.png,model-poses/model2_female_casual_front_standing__DSC4404_Large.png,model-poses/model2_female_casual_three_quarter__DSC4404_Large.png,model-poses/model2_female_casual_casual_lifestyle__DSC4404_Large.png,published,false,2025-11-28T15:56:27.960110
ZC-F0193,Light Skirt,Female's light skirt. Casual style.,Bottoms,Skirt,Female,Women,Adults,Light,,casual,extracted-products/model2_female_light_blue_skirt__DSC4447_Large_4.png,model-poses/model2_female_streetwear_front_standing__DSC4447_Large.png,model-poses/model2_female_streetwear_three_quarter__DSC4447_Large.png,model-poses/model2_female_streetwear_casual_lifestyle__DSC4447_Large.png,published,false,2025-11-28T15:56:27.960167
ZC-F0194,Light Vest,Female's light vest. Casual style.,Tops,Vest,Female,Women,Adults,Light,,casual,extracted-products/model2_female_light_blue_vest_outer__DSC4404_Large_4.png,model-poses/model2_female_casual_front_standing__DSC4404_Large.png,model-poses/model2_female_casual_three_quarter__DSC4404_Large.png,model-poses/model2_female_casual_casual_lifestyle__DSC4404_Large.png,published,false,2025-11-28T15:56:27.960225
ZC-F0195,Light Flats,Female's light flats. Casual style.,Footwear,Flats,Female,Women,Adults,Light,,casual,extracted-products/model2_female_light_brown_flats__DSC4148_1_6.png,model-poses/model4_female_casual_chic_front_standing__DSC4148_1.png,model-poses/model4_female_casual_chic_three_quarter__DSC4148_1.png,model-poses/model4_female_casual_chic_casual_lifestyle__DSC4148_1.png,published,false,2025-11-28T15:56:27.960412
ZC-F0196,Light Dress - Graphic,Female's light dress with graphic design. Casual style.,Dresses,Dress,Female,Women,Adults,Light,graphic,casual,extracted-products/model2_female_light_pink_dress_graphic__DSC4148_1_5.png,model-poses/model4_female_casual_chic_front_standing__DSC4148_1.png,model-poses/model4_female_casual_chic_three_quarter__DSC4148_1.png,model-poses/model4_female_casual_chic_casual_lifestyle__DSC4148_1.png,published,false,2025-11-28T15:56:27.960477
ZC-F0197,Maroon Blouse,Female's maroon blouse. Casual style.,Tops,Blouse,Female,Women,Adults,Maroon,,casual,extracted-products/model2_female_maroon_blouse__DSC3989_Large_2.png,model-poses/model2_female_smart_casual_front_standing__DSC3989_Large.png,model-poses/model2_female_smart_casual_three_quarter__DSC3989_Large.png,model-poses/model2_female_smart_casual_casual_lifestyle__DSC3989_Large.png,published,false,2025-11-28T15:56:27.960538
ZC-F0198,Maroon Sweatshirt - Graphic,Female's maroon sweatshirt with graphic design. Casual style.,Tops,Sweatshirt,Female,Women,Adults,Maroon,graphic,casual,extracted-products/model2_female_maroon_sweatshirt_graphic__DSC4648_Large_4.png,model-poses/model2_female_casual_front_standing__DSC4648_Large.png,model-poses/model2_female_casual_three_quarter__DSC4648_Large.png,model-poses/model2_female_casual_casual_lifestyle__DSC4648_Large.png,published,false,2025-11-28T15:56:27.960603
ZC-F0199,Pink Backpack,Female's pink backpack. Casual style.,Accessories,Backpack,Female,Women,Adults,Pink,,casual,extracted-products/model2_female_pink_backpack__DSC3800_Large_8.png,model-poses/model2_female_casual_front_standing__DSC3800_Large.png,model-poses/model2_female_casual_three_quarter__DSC3800_Large.png,model-poses/model2_female_casual_casual_lifestyle__DSC3800_Large.png,published,false,2025-11-28T15:56:27.960674
ZC-KG0200,Girl's Pink Top,Adorable girl's pink top. Casual style.,Kids,Tops,Girl,Kids,Kids,Pink,,casual,extracted-products/model2_female_pink_top_under__DSC4293_Large_4.png,,,,published,false,2025-11-28T15:56:27.960729
ZC-F0201,Pink T,Female's pink t. Casual style.,Apparel,T,Female,Women,Adults,Pink,,casual,extracted-products/model2_female_pink_t_shirt__DSC3713_Large_4.png,model-poses/model2_female_casual_front_standing__DSC3713_Large.png,model-poses/model2_female_casual_three_quarter__DSC3713_Large.png,model-poses/model2_female_casual_casual_lifestyle__DSC3713_Large.png,published,false,2025-11-28T15:56:27.960779
ZC-F0202,Pink T,Female's pink t. Casual style.,Apparel,T,Female,Women,Adults,Pink,,casual,extracted-products/model2_female_pink_t_shirt__DSC3800_Large_5.png,model-poses/model2_female_casual_front_standing__DSC3800_Large.png,model-poses/model2_female_casual_three_quarter__DSC3800_Large.png,model-poses/model2_female_casual_casual_lifestyle__DSC3800_Large.png,published,false,2025-11-28T15:56:27.960839
ZC-F0203,White Pants,Female's white pants. Casual style.,Bottoms,Pants,Female,Women,Adults,White,,casual,extracted-products/model2_female_white_pants__DSC3868_Large_5.png,model-poses/model4_female_casual_front_standing__DSC3868_Large.png,model-poses/model4_female_casual_three_quarter__DSC3868_Large.png,model-poses/model4_female_casual_casual_lifestyle__DSC3868_Large.png,published,false,2025-11-28T15:56:27.960896
ZC-F0204,White Sweatshirt - Graphic,Female's white sweatshirt with graphic design. Casual style.,Tops,Sweatshirt,Female,Women,Adults,White,graphic,casual,extracted-products/model2_female_white_sweatshirt_graphic__DSC4360_Large_4.png,model-poses/model2_female_streetwear_front_standing__DSC4360_Large.png,model-poses/model2_female_streetwear_three_quarter__DSC4360_Large.png,model-poses/model2_female_streetwear_casual_lifestyle__DSC4360_Large.png,published,false,2025-11-28T15:56:27.960956
ZC-F0205,White Sweatshirt - Graphic,Female's white sweatshirt with graphic design. Casual style.,Tops,Sweatshirt,Female,Women,Adults,White,graphic,casual,extracted-products/model2_female_white_sweatshirt_graphic__DSC4597_Large_4.png,model-poses/model3_female_casual_front_standing__DSC4597_Large.png,model-poses/model3_female_casual_three_quarter__DSC4597_Large.png,model-poses/model3_female_casual_casual_lifestyle__DSC4597_Large.png,published,false,2025-11-28T15:56:27.961019
ZC-F0206,White T,Female's white t. Casual style.,Apparel,T,Female,Women,Adults,White,,casual,extracted-products/model2_female_white_t_shirt_under__DSC4404_Large_5.png,model-poses/model2_female_casual_front_standing__DSC4404_Large.png,model-poses/model2_female_casual_three_quarter__DSC4404_Large.png,model-poses/model2_female_casual_casual_lifestyle__DSC4404_Large.png,published,false,2025-11-28T15:56:27.961082
ZC-KG0207,Girl's Yellow Dress - Graphic,Adorable girl's yellow dress with graphic design. Casual style.,Kids,Dresses,Girl,Kids,Kids,Yellow,graphic,casual,extracted-products/model2_female_yellow_dress_graphic_SONY_ILCE-7RM5_9600x6376_000295_2.png,,,,published,false,2025-11-28T15:56:27.961140
ZC-M0208,Beige Hoodie,Male's beige hoodie. Casual style.,Tops,Hoodie,Male,Men,Adults,Beige,,casual,extracted-products/model2_male_beige_hoodie__DSC3606_3.png,model-poses/model2_male_streetwear_front_standing__DSC3606.png,model-poses/model2_male_streetwear_three_quarter__DSC3606.png,model-poses/model2_male_streetwear_casual_lifestyle__DSC3606.png,published,false,2025-11-28T15:56:27.961190
ZC-M0209,Black Shirt,Male's black shirt. Casual style.,Tops,Shirt,Male,Men,Adults,Black,,casual,extracted-products/model2_male_black_button_up_shirt__DSC4537_Large_2.png,model-poses/model2_male_smart_casual_front_standing__DSC4537_Large.png,model-poses/model2_male_smart_casual_three_quarter__DSC4537_Large.png,model-poses/model2_male_smart_casual_casual_lifestyle__DSC4537_Large.png,published,false,2025-11-28T15:56:27.961243
ZC-M0210,Black Pants,Male's black pants. Casual style.,Bottoms,Pants,Male,Men,Adults,Black,,casual,extracted-products/model2_male_black_pants_SONY_ILCE-7RM5_9600x6376_000109_6.png,,,,published,false,2025-11-28T15:56:27.961299
ZC-M0211,Black Pants,Male's black pants. Casual style.,Bottoms,Pants,Male,Men,Adults,Black,,casual,extracted-products/model2_male_black_pants__DSC3952_Large_5.png,model-poses/model3_male_casual_front_standing__DSC3952_Large.png,model-poses/model3_male_casual_three_quarter__DSC3952_Large.png,model-poses/model3_male_casual_casual_lifestyle__DSC3952_Large.png,published,false,2025-11-28T15:56:27.961344
ZC-M0212,Black Pants,Male's black pants. Casual style.,Bottoms,Pants,Male,Men,Adults,Black,,casual,extracted-products/model2_male_black_pants__DSC4537_Large_3.png,model-poses/model2_male_smart_casual_front_standing__DSC4537_Large.png,model-poses/model2_male_smart_casual_three_quarter__DSC4537_Large.png,model-poses/model2_male_smart_casual_casual_lifestyle__DSC4537_Large.png,published,false,2025-11-28T15:56:27.961399
ZC-M0213,Black Sweatshirt - Graphic,Male's black sweatshirt with graphic design. Casual style.,Tops,Sweatshirt,Male,Men,Adults,Black,graphic,casual,extracted-products/model2_male_black_sweatshirt_graphic_SONY_ILCE-7RM5_6304x4180_000060_4.png,,,,published,false,2025-11-28T15:56:27.961456
ZC-M0214,Blue Jeans,Male's blue jeans. Casual style.,Bottoms,Jeans,Male,Men,Adults,Blue,,casual,extracted-products/model2_male_blue_jeans_SONY_ILCE-7RM5_6304x4180_000037_7.png,,,,published,false,2025-11-28T15:56:27.961503
ZC-M0215,Blue Jeans,Male's blue jeans. Casual style.,Bottoms,Jeans,Male,Men,Adults,Blue,,casual,extracted-products/model2_male_blue_jeans__DSC3606_4.png,model-poses/model2_male_streetwear_front_standing__DSC3606.png,model-poses/model2_male_streetwear_three_quarter__DSC3606.png,model-poses/model2_male_streetwear_casual_lifestyle__DSC3606.png,published,false,2025-11-28T15:56:27.961547
ZC-M0216,Dark Jeans,Male's dark jeans. Casual style.,Bottoms,Jeans,Male,Men,Adults,Dark,,casual,extracted-products/model2_male_dark_blue_jeans_SONY_ILCE-7RM5_6304x4180_000060_5.png,,,,published,false,2025-11-28T15:56:27.961599
ZC-M0217,Dark Shirt,Male's dark shirt. Casual style.,Tops,Shirt,Male,Men,Adults,Dark,,casual,extracted-products/model2_male_dark_brown_long_sleeved_shirt_outer_SONY_ILCE-7RM5_9600x6376_000109_4.png,,,,published,false,2025-11-28T15:56:27.961663
ZC-KB0218,Boy's Dark Sweatshirt - Graphic,Adorable boy's dark sweatshirt with graphic design. Casual style.,Kids,Tops,Boy,Kids,Kids,Dark,graphic,casual,extracted-products/model2_male_dark_teal_sweatshirt_graphic__DSC5314_3.png,,,,published,false,2025-11-28T15:56:27.961709
ZC-M0219,Khaki Pants,Male's khaki pants. Casual style.,Bottoms,Pants,Male,Men,Adults,Khaki,,casual,extracted-products/model2_male_khaki_pants__DSC5314_4.png,model-poses/model2_male_casual_front_standing__DSC5314.png,model-poses/model2_male_casual_three_quarter__DSC5314.png,model-poses/model2_male_casual_casual_lifestyle__DSC5314.png,published,false,2025-11-28T15:56:27.961757
ZC-M0220,Light Jeans,Male's light jeans. Casual style.,Bottoms,Jeans,Male,Men,Adults,Light,,casual,extracted-products/model2_male_light_blue_jeans__DSC3820_Large_8.png,model-poses/model2_male_streetwear_front_standing__DSC3820_Large.png,model-poses/model2_male_streetwear_three_quarter__DSC3820_Large.png,model-poses/model2_male_streetwear_casual_lifestyle__DSC3820_Large.png,published,false,2025-11-28T15:56:27.961810
ZC-M0221,Light Shirt,Male's light shirt. Casual style.,Tops,Shirt,Male,Men,Adults,Light,,casual,extracted-products/model2_male_light_green_shirt__DSC3952_Large_4.png,model-poses/model3_male_casual_front_standing__DSC3952_Large.png,model-poses/model3_male_casual_three_quarter__DSC3952_Large.png,model-poses/model3_male_casual_casual_lifestyle__DSC3952_Large.png,published,false,2025-11-28T15:56:27.961863
ZC-KB0222,Boy's Navy Jacket - Graphic,Adorable boy's navy jacket with graphic design. Casual style.,Kids,Outerwear,Boy,Kids,Kids,Navy,graphic,casual,extracted-products/model2_male_navy_blue_varsity_jacket_outer_graphic__DSC3820_Large_6.png,,,,published,false,2025-11-28T15:56:27.961918
ZC-M0223,Off White T - Graphic,Male's off white t with graphic design. Casual style.,Apparel,T,Male,Men,Adults,Off White,graphic,casual,extracted-products/model2_male_off-white_t_shirt_under_graphic_SONY_ILCE-7RM5_9600x6376_000109_5.png,,,,published,false,2025-11-28T15:56:27.961970
ZC-M0224,Orange T - Graphic,Male's orange t with graphic design. Casual style.,Apparel,T,Male,Men,Adults,Orange,graphic,casual,extracted-products/model2_male_orange_t_shirt_under_graphic__DSC3820_Large_7.png,model-poses/model2_male_streetwear_front_standing__DSC3820_Large.png,model-poses/model2_male_streetwear_three_quarter__DSC3820_Large.png,model-poses/model2_male_streetwear_casual_lifestyle__DSC3820_Large.png,published,false,2025-11-28T15:56:27.962022
ZC-M0225,White Shirt - Striped,Male's white shirt with striped design. Casual style.,Tops,Shirt,Male,Men,Adults,White,striped,casual,extracted-products/model2_male_white_polo_shirt_striped_SONY_ILCE-7RM5_6304x4180_000037_6.png,,,,published,false,2025-11-28T15:56:27.962079
ZC-F0226,Beige Hoodie - Graphic,Female's beige hoodie with graphic design. Casual style.,Tops,Hoodie,Female,Women,Adults,Beige,graphic,casual,extracted-products/model3_female_beige_hoodie_graphic__DSC3606_6.png,model-poses/female_casual_front_standing__DSC3606.png,model-poses/female_casual_three_quarter__DSC3606.png,model-poses/female_casual_casual_lifestyle__DSC3606.png,published,false,2025-11-28T15:56:27.962130
ZC-F0227,Beige Sweatpants - Graphic,Female's beige sweatpants with graphic design. Casual style.,Bottoms,Sweatpants,Female,Women,Adults,Beige,graphic,casual,extracted-products/model3_female_beige_sweatpants_graphic__DSC3606_7.png,model-poses/female_casual_front_standing__DSC3606.png,model-poses/female_casual_three_quarter__DSC3606.png,model-poses/female_casual_casual_lifestyle__DSC3606.png,published,false,2025-11-28T15:56:27.962191
ZC-F0228,Blue Vest,Female's blue vest. Casual style.,Tops,Vest,Female,Women,Adults,Blue,,casual,extracted-products/model3_female_blue_denim_vest_outer__DSC4293_Large_8.png,model-poses/model3_female_casual_front_standing__DSC4293_Large.png,model-poses/model3_female_casual_three_quarter__DSC4293_Large.png,model-poses/model3_female_casual_casual_lifestyle__DSC4293_Large.png,published,false,2025-11-28T15:56:27.962249
ZC-F0229,Blue Jeans,Female's blue jeans. Casual style.,Bottoms,Jeans,Female,Women,Adults,Blue,,casual,extracted-products/model3_female_blue_jeans__DSC4293_Large_9.png,model-poses/model3_female_casual_front_standing__DSC4293_Large.png,model-poses/model3_female_casual_three_quarter__DSC4293_Large.png,model-poses/model3_female_casual_casual_lifestyle__DSC4293_Large.png,published,false,2025-11-28T15:56:27.962312
ZC-F0230,Blue Top,Female's blue top. Casual style.,Tops,Top,Female,Women,Adults,Blue,,casual,extracted-products/model3_female_blue_sleeveless_top__DSC4597_Large_7.png,model-poses/model3_female_casual_front_standing__DSC4597_Large.png,model-poses/model3_female_casual_three_quarter__DSC4597_Large.png,model-poses/model3_female_casual_casual_lifestyle__DSC4597_Large.png,published,false,2025-11-28T15:56:27.962391
ZC-F0231,White Pants,Female's white pants. Casual style.,Bottoms,Pants,Female,Women,Adults,White,,casual,extracted-products/model3_female_white_pants__DSC4597_Large_8.png,model-poses/model3_female_casual_front_standing__DSC4597_Large.png,model-poses/model3_female_casual_three_quarter__DSC4597_Large.png,model-poses/model3_female_casual_casual_lifestyle__DSC4597_Large.png,published,false,2025-11-28T15:56:27.962448
ZC-F0232,White Top - Striped,Female's white top with striped design. Casual style.,Tops,Top,Female,Women,Adults,White,striped,casual,extracted-products/model3_female_white_top_striped__DSC4293_Large_7.png,model-poses/model3_female_casual_front_standing__DSC4293_Large.png,model-poses/model3_female_casual_three_quarter__DSC4293_Large.png,model-poses/model3_female_casual_casual_lifestyle__DSC4293_Large.png,published,false,2025-11-28T15:56:27.962505
ZC-M0233,Beige Shorts,Male's beige shorts. Casual style.,Bottoms,Shorts,Male,Men,Adults,Beige,,casual,extracted-products/model3_male_beige_shorts__DSC4148_1_8.png,model-poses/model4_female_casual_chic_front_standing__DSC4148_1.png,model-poses/model4_female_casual_chic_three_quarter__DSC4148_1.png,model-poses/model4_female_casual_chic_casual_lifestyle__DSC4148_1.png,published,false,2025-11-28T15:56:27.962562
ZC-M0234,Black Pants,Male's black pants. Casual style.,Bottoms,Pants,Male,Men,Adults,Black,,casual,extracted-products/model3_male_black_pants__DSC3713_Large_7.png,model-poses/model3_male_casual_front_standing__DSC3713_Large.png,model-poses/model3_male_casual_three_quarter__DSC3713_Large.png,model-poses/model3_male_casual_casual_lifestyle__DSC3713_Large.png,published,false,2025-11-28T15:56:27.962617
ZC-M0235,Black T,Male's black t. Casual style.,Apparel,T,Male,Men,Adults,Black,,casual,extracted-products/model3_male_black_t_shirt__DSC3713_Large_6.png,model-poses/model3_male_casual_front_standing__DSC3713_Large.png,model-poses/model3_male_casual_three_quarter__DSC3713_Large.png,model-poses/model3_male_casual_casual_lifestyle__DSC3713_Large.png,published,false,2025-11-28T15:56:27.962673
ZC-M0236,Dark Pants,Male's dark pants. Casual style.,Bottoms,Pants,Male,Men,Adults,Dark,,casual,extracted-products/model3_male_dark_brown_pants__DSC3952_Large_8.png,model-poses/model3_male_casual_front_standing__DSC3952_Large.png,model-poses/model3_male_casual_three_quarter__DSC3952_Large.png,model-poses/model3_male_casual_casual_lifestyle__DSC3952_Large.png,published,false,2025-11-28T15:56:27.962725
ZC-M0237,Dark Shirt - Graphic,Male's dark shirt with graphic design. Casual style.,Tops,Shirt,Male,Men,Adults,Dark,graphic,casual,extracted-products/model3_male_dark_green_button_up_shirt_graphic__DSC3800_Large_9.png,model-poses/model3_male_casual_front_standing__DSC3800_Large.png,model-poses/model3_male_casual_three_quarter__DSC3800_Large.png,model-poses/model3_male_casual_casual_lifestyle__DSC3800_Large.png,published,false,2025-11-28T15:56:27.962781
ZC-M0238,Dark Jeans,Male's dark jeans. Casual style.,Bottoms,Jeans,Male,Men,Adults,Dark,,casual,extracted-products/model3_male_dark_grey_jeans__DSC3868_Large_7.png,model-poses/model4_female_casual_front_standing__DSC3868_Large.png,model-poses/model4_female_casual_three_quarter__DSC3868_Large.png,model-poses/model4_female_casual_casual_lifestyle__DSC3868_Large.png,published,false,2025-11-28T15:56:27.962839
ZC-M0239,Grey Backpack - Graphic,Male's grey backpack with graphic design. Casual style.,Accessories,Backpack,Male,Men,Adults,Grey,graphic,casual,extracted-products/model3_male_grey_backpack_graphic__DSC3800_Large_12.png,model-poses/model3_male_casual_front_standing__DSC3800_Large.png,model-poses/model3_male_casual_three_quarter__DSC3800_Large.png,model-poses/model3_male_casual_casual_lifestyle__DSC3800_Large.png,published,false,2025-11-28T15:56:27.962919
ZC-M0240,Maroon Short - Graphic,Male's maroon short with graphic design. Casual style.,Apparel,Short,Male,Men,Adults,Maroon,graphic,casual,extracted-products/model3_male_maroon_short_sleeved_shirt_graphic__DSC4148_1_7.png,model-poses/model4_female_casual_chic_front_standing__DSC4148_1.png,model-poses/model4_female_casual_chic_three_quarter__DSC4148_1.png,model-poses/model4_female_casual_chic_casual_lifestyle__DSC4148_1.png,published,false,2025-11-28T15:56:27.962984
ZC-M0241,Orange T - Graphic,Male's orange t with graphic design. Casual style.,Apparel,T,Male,Men,Adults,Orange,graphic,casual,extracted-products/model3_male_orange_t_shirt_graphic__DSC3868_Large_6.png,model-poses/model4_female_casual_front_standing__DSC3868_Large.png,model-poses/model4_female_casual_three_quarter__DSC3868_Large.png,model-poses/model4_female_casual_casual_lifestyle__DSC3868_Large.png,published,false,2025-11-28T15:56:27.963045
ZC-M0242,White Pants,Male's white pants. Casual style.,Bottoms,Pants,Male,Men,Adults,White,,casual,extracted-products/model3_male_white_pants__DSC3800_Large_10.png,model-poses/model3_male_casual_front_standing__DSC3800_Large.png,model-poses/model3_male_casual_three_quarter__DSC3800_Large.png,model-poses/model3_male_casual_casual_lifestyle__DSC3800_Large.png,published,false,2025-11-28T15:56:27.963101
ZC-M0243,White Shirt - Graphic,Male's white shirt with graphic design. Casual style.,Tops,Shirt,Male,Men,Adults,White,graphic,casual,extracted-products/model3_male_white_shirt_graphic__DSC3952_Large_7.png,model-poses/model3_male_casual_front_standing__DSC3952_Large.png,model-poses/model3_male_casual_three_quarter__DSC3952_Large.png,model-poses/model3_male_casual_casual_lifestyle__DSC3952_Large.png,published,false,2025-11-28T15:56:27.963154
ZC-F0244,Black Flats,Female's black flats. Casual style.,Footwear,Flats,Female,Women,Adults,Black,,casual,extracted-products/model4_female_black_flats__DSC4148_1_12.png,model-poses/model4_female_casual_chic_front_standing__DSC4148_1.png,model-poses/model4_female_casual_chic_three_quarter__DSC4148_1.png,model-poses/model4_female_casual_chic_casual_lifestyle__DSC4148_1.png,published,false,2025-11-28T15:56:27.963214
ZC-F0245,Black Jacket,Female's black jacket. Casual style.,Outerwear,Jacket,Female,Women,Adults,Black,,casual,extracted-products/model4_female_black_jacket_outer__DSC3606_10.png,model-poses/female_casual_front_standing__DSC3606.png,model-poses/female_casual_three_quarter__DSC3606.png,model-poses/female_casual_casual_lifestyle__DSC3606.png,published,false,2025-11-28T15:56:27.963629
ZC-F0246,Black Pants,Female's black pants. Casual style.,Bottoms,Pants,Female,Women,Adults,Black,,casual,extracted-products/model4_female_black_pants__DSC3606_11.png,model-poses/female_casual_front_standing__DSC3606.png,model-poses/female_casual_three_quarter__DSC3606.png,model-poses/female_casual_casual_lifestyle__DSC3606.png,published,false,2025-11-28T15:56:27.963738
ZC-F0247,Dark Dress,Female's dark dress. Casual style.,Dresses,Dress,Female,Women,Adults,Dark,,casual,extracted-products/model4_female_dark_red_dress__DSC4148_1_11.png,model-poses/model4_female_casual_chic_front_standing__DSC4148_1.png,model-poses/model4_female_casual_chic_three_quarter__DSC4148_1.png,model-poses/model4_female_casual_chic_casual_lifestyle__DSC4148_1.png,published,false,2025-11-28T15:56:27.963803
ZC-F0248,Light Jeans,Female's light jeans. Casual style.,Bottoms,Jeans,Female,Women,Adults,Light,,casual,extracted-products/model4_female_light_blue_jeans__DSC3868_Large_9.png,model-poses/model4_female_casual_front_standing__DSC3868_Large.png,model-poses/model4_female_casual_three_quarter__DSC3868_Large.png,model-poses/model4_female_casual_casual_lifestyle__DSC3868_Large.png,published,false,2025-11-28T15:56:27.963867
ZC-F0249,White Sweatshirt - Graphic,Female's white sweatshirt with graphic design. Casual style.,Tops,Sweatshirt,Female,Women,Adults,White,graphic,casual,extracted-products/model4_female_white_sweatshirt_graphic__DSC3868_Large_8.png,model-poses/model4_female_casual_front_standing__DSC3868_Large.png,model-poses/model4_female_casual_three_quarter__DSC3868_Large.png,model-poses/model4_female_casual_casual_lifestyle__DSC3868_Large.png,published,false,2025-11-28T15:56:27.963933
ZC-F0250,White T,Female's white t. Casual style.,Apparel,T,Female,Women,Adults,White,,casual,extracted-products/model4_female_white_t_shirt_under__DSC3606_9.png,model-poses/female_casual_front_standing__DSC3606.png,model-poses/female_casual_three_quarter__DSC3606.png,model-poses/female_casual_casual_lifestyle__DSC3606.png,published,false,2025-11-28T15:56:27.964007
ZC-M0251,Blue Jacket,Male's blue jacket. Casual style.,Outerwear,Jacket,Male,Men,Adults,Blue,,casual,extracted-products/model4_male_blue_denim_jacket_outer__DSC4293_Large_11.png,model-poses/model4_male_casual_front_standing__DSC4293_Large.png,model-poses/model4_male_casual_three_quarter__DSC4293_Large.png,model-poses/model4_male_casual_casual_lifestyle__DSC4293_Large.png,published,false,2025-11-28T15:56:27.964069
ZC-M0252,Dark Jeans,Male's dark jeans. Casual style.,Bottoms,Jeans,Male,Men,Adults,Dark,,casual,extracted-products/model4_male_dark_blue_jeans__DSC4293_Large_12.png,model-poses/model4_male_casual_front_standing__DSC4293_Large.png,model-poses/model4_male_casual_three_quarter__DSC4293_Large.png,model-poses/model4_male_casual_casual_lifestyle__DSC4293_Large.png,published,false,2025-11-28T15:56:27.964127
ZC-M0253,Light T - Graphic,Male's light t with graphic design. Casual style.,Apparel,T,Male,Men,Adults,Light,graphic,casual,extracted-products/model4_male_light_green_t_shirt_under_graphic__DSC4293_Large_10.png,model-poses/model4_male_casual_front_standing__DSC4293_Large.png,model-poses/model4_male_casual_three_quarter__DSC4293_Large.png,model-poses/model4_male_casual_casual_lifestyle__DSC4293_Large.png,published,false,2025-11-28T15:56:27.964190
ZC-M0254,Black Pants,Male's black pants. Casual style.,Bottoms,Pants,Male,Men,Adults,Black,,casual,extracted-products/model5_male_black_pants__DSC3606_14.png,model-poses/model2_male_streetwear_front_standing__DSC3606.png,model-poses/model2_male_streetwear_three_quarter__DSC3606.png,model-poses/model2_male_streetwear_casual_lifestyle__DSC3606.png,published,false,2025-11-28T15:56:27.964251
ZC-M0255,Grey T - Graphic,Male's grey t with graphic design. Casual style.,Apparel,T,Male,Men,Adults,Grey,graphic,casual,extracted-products/model5_male_grey_t_shirt_graphic__DSC3606_13.png,model-poses/model2_male_streetwear_front_standing__DSC3606.png,model-poses/model2_male_streetwear_three_quarter__DSC3606.png,model-poses/model2_male_streetwear_casual_lifestyle__DSC3606.png,published,false,2025-11-28T15:56:27.964314
